FECHA.CONEXION,AREA,NOMBRE.ZONA,COMUNA,MODEL,NUMERO.CONEXIONES,USAGE.KB,PORCENTAJE.USO,es_festivo,tipo_dia,dia_semana,LATITUD,LONGITUD
2024-01-01,URBANA,006_ZW Parque Vallado,15,MR76,110,38318,"4,4",True,Festivo,Lunes,3.4069,-7.650.234
2024-01-02,URBANA,006_ZW Parque Vallado,15,MR76,73,14047,"1,7",False,Laboral,Martes,3.4069,-7.650.234
2024-01-03,URBANA,006_ZW Parque Vallado,15,MR76,66,239653,"19,8",False,Laboral,Miércoles,3.4069,-7.650.234
2024-01-04,URBANA,006_ZW Parque Vallado,15,MR76,67,14957,"1,4",False,Laboral,Jueves,3.4069,-7.650.234
2024-01-05,URBANA,006_ZW Parque Vallado,15,MR76,64,21494,2,False,Laboral,Viernes,3.4069,-7.650.234
2024-01-06,URBANA,006_ZW Parque Vallado,15,MR76,91,1231726,"160,6",False,Fin de Semana,Sábado,3.4069,-7.650.234
2024-01-07,URBANA,006_ZW Parque Vallado,15,MR76,86,6241864,"621,9",False,Fin de Semana,Domingo,3.4069,-7.650.234
2024-01-08,URBANA,006_ZW Parque Vallado,15,MR76,89,7769799,"492,8",True,Festivo,Lunes,3.4069,-7.650.234
2024-01-09,URBANA,006_ZW Parque Vallado,15,MR76,85,22198,"1,7",False,Laboral,Martes,3.4069,-7.650.234
2024-01-10,URBANA,006_ZW Parque Vallado,15,MR76,74,8452,"0,7",False,Laboral,Miércoles,3.4069,-7.650.234
2024-01-11,URBANA,006_ZW Parque Vallado,15,MR76,73,5690,"0,5",False,Laboral,Jueves,3.4069,-7.650.234
2024-01-12,URBANA,006_ZW Parque Vallado,15,MR76,75,9471,"0,8",False,Laboral,Viernes,3.4069,-7.650.234
2024-01-13,URBANA,006_ZW Parque Vallado,15,MR76,92,15318,"1,7",False,Fin de Semana,Sábado,3.4069,-7.650.234
2024-01-14,URBANA,006_ZW Parque Vallado,15,MR76,104,35531,"4,5",False,Fin de Semana,Domingo,3.4069,-7.650.234
2024-01-15,URBANA,006_ZW Parque Vallado,15,MR76,94,15559,"2,2",False,Laboral,Lunes,3.4069,-7.650.234
2024-01-16,URBANA,006_ZW Parque Vallado,15,MR76,90,40819,"4,8",False,Laboral,Martes,3.4069,-7.650.234
2024-01-17,URBANA,006_ZW Parque Vallado,15,MR76,99,18536,"1,9",False,Laboral,Miércoles,3.4069,-7.650.234
2024-01-18,URBANA,006_ZW Parque Vallado,15,MR76,83,19045,"1,6",False,Laboral,Jueves,3.4069,-7.650.234
2024-01-19,URBANA,006_ZW Parque Vallado,15,MR76,87,31190,2,False,Laboral,Viernes,3.4069,-7.650.234
2024-01-20,URBANA,006_ZW Parque Vallado,15,MR76,96,19959,"1,5",False,Fin de Semana,Sábado,3.4069,-7.650.234
2024-01-21,URBANA,006_ZW Parque Vallado,15,MR76,105,49215,"3,8",False,Fin de Semana,Domingo,3.4069,-7.650.234
2024-01-22,URBANA,006_ZW Parque Vallado,15,MR76,110,27913,"2,7",False,Laboral,Lunes,3.4069,-7.650.234
2024-01-23,URBANA,006_ZW Parque Vallado,15,MR76,71,781843,"72,4",False,Laboral,Martes,3.4069,-7.650.234
2024-01-24,URBANA,006_ZW Parque Vallado,15,MR76,59,2566083,"205,2",False,Laboral,Miércoles,3.4069,-7.650.234
2024-01-25,URBANA,006_ZW Parque Vallado,15,MR76,87,251641,"16,8",False,Laboral,Jueves,3.4069,-7.650.234
2024-01-26,URBANA,006_ZW Parque Vallado,15,MR76,92,18731,"1,4",False,Laboral,Viernes,3.4069,-7.650.234
2024-01-27,URBANA,006_ZW Parque Vallado,15,MR76,88,16971,"1,4",False,Fin de Semana,Sábado,3.4069,-7.650.234
2024-01-28,URBANA,006_ZW Parque Vallado,15,MR76,82,13497,"1,3",False,Fin de Semana,Domingo,3.4069,-7.650.234
2024-01-29,URBANA,006_ZW Parque Vallado,15,MR76,99,18913,"1,6",False,Laboral,Lunes,3.4069,-7.650.234
2024-01-30,URBANA,006_ZW Parque Vallado,15,MR76,78,26817,3,False,Laboral,Martes,3.4069,-7.650.234
2024-01-31,URBANA,006_ZW Parque Vallado,15,MR76,71,15312,"1,5",False,Laboral,Miércoles,3.4069,-7.650.234
2024-02-01,URBANA,006_ZW Parque Vallado,15,MR76,103,21166,"1,5",False,Laboral,Jueves,3.4069,-7.650.234
2024-02-02,URBANA,006_ZW Parque Vallado,15,MR76,40,6201,"0,6",False,Laboral,Viernes,3.4069,-7.650.234
2024-02-03,URBANA,006_ZW Parque Vallado,15,MR76,65,3763484,"212,1",False,Fin de Semana,Sábado,3.4069,-7.650.234
2024-02-04,URBANA,006_ZW Parque Vallado,15,MR76,58,2273658,"142,2",False,Fin de Semana,Domingo,3.4069,-7.650.234
2024-02-05,URBANA,006_ZW Parque Vallado,15,MR76,72,5610,"0,4",False,Laboral,Lunes,3.4069,-7.650.234
2024-02-06,URBANA,006_ZW Parque Vallado,15,MR76,74,1320336,"88,4",False,Laboral,Martes,3.4069,-7.650.234
2024-02-07,URBANA,006_ZW Parque Vallado,15,MR76,74,2436371,"147,6",False,Laboral,Miércoles,3.4069,-7.650.234
2024-02-08,URBANA,006_ZW Parque Vallado,15,MR76,88,3877311,"285,4",False,Laboral,Jueves,3.4069,-7.650.234
2024-02-09,URBANA,006_ZW Parque Vallado,15,MR76,98,930606,"77,3",False,Laboral,Viernes,3.4069,-7.650.234
2024-02-10,URBANA,006_ZW Parque Vallado,15,MR76,92,29503,"1,8",False,Fin de Semana,Sábado,3.4069,-7.650.234
2024-02-11,URBANA,006_ZW Parque Vallado,15,MR76,91,117406,"8,7",False,Fin de Semana,Domingo,3.4069,-7.650.234
2024-02-12,URBANA,006_ZW Parque Vallado,15,MR76,88,12977,"1,3",False,Laboral,Lunes,3.4069,-7.650.234
2024-02-13,URBANA,006_ZW Parque Vallado,15,MR76,96,18459,"2,1",False,Laboral,Martes,3.4069,-7.650.234
2024-02-14,URBANA,006_ZW Parque Vallado,15,MR76,91,16364,"2,2",False,Laboral,Miércoles,3.4069,-7.650.234
2024-02-15,URBANA,006_ZW Parque Vallado,15,MR76,76,5161,"0,4",False,Laboral,Jueves,3.4069,-7.650.234
2024-02-16,URBANA,006_ZW Parque Vallado,15,MR76,89,60628,"5,7",False,Laboral,Viernes,3.4069,-7.650.234
2024-02-17,URBANA,006_ZW Parque Vallado,15,MR76,89,42758,4,False,Fin de Semana,Sábado,3.4069,-7.650.234
2024-02-18,URBANA,006_ZW Parque Vallado,15,MR76,98,65923,"5,1",False,Fin de Semana,Domingo,3.4069,-7.650.234
2024-02-19,URBANA,006_ZW Parque Vallado,15,MR76,90,21499,"1,5",False,Laboral,Lunes,3.4069,-7.650.234
2024-02-20,URBANA,006_ZW Parque Vallado,15,MR76,80,19058,"1,6",False,Laboral,Martes,3.4069,-7.650.234
2024-02-21,URBANA,006_ZW Parque Vallado,15,MR76,80,2251466,"195,2",False,Laboral,Miércoles,3.4069,-7.650.234
2024-02-22,URBANA,006_ZW Parque Vallado,15,MR76,114,4976239,"325,1",False,Laboral,Jueves,3.4069,-7.650.234
2024-02-23,URBANA,006_ZW Parque Vallado,15,MR76,115,1218532,"85,6",False,Laboral,Viernes,3.4069,-7.650.234
2024-02-24,URBANA,006_ZW Parque Vallado,15,MR76,114,54838,"4,4",False,Fin de Semana,Sábado,3.4069,-7.650.234
2024-02-25,URBANA,006_ZW Parque Vallado,15,MR76,90,39832,"2,3",False,Fin de Semana,Domingo,3.4069,-7.650.234
2024-02-26,URBANA,006_ZW Parque Vallado,15,MR76,116,26954,"2,4",False,Laboral,Lunes,3.4069,-7.650.234
2024-02-27,URBANA,006_ZW Parque Vallado,15,MR76,126,71480,"6,2",False,Laboral,Martes,3.4069,-7.650.234
2024-02-28,URBANA,006_ZW Parque Vallado,15,MR76,89,31270,"1,8",False,Laboral,Miércoles,3.4069,-7.650.234
2024-02-29,URBANA,006_ZW Parque Vallado,15,MR76,113,11766,"1,5",False,Laboral,Jueves,3.4069,-7.650.234
2024-03-01,URBANA,006_ZW Parque Vallado,15,MR76,88,3749209,"312,5",False,Laboral,Viernes,3.4069,-7.650.234
2024-03-02,URBANA,006_ZW Parque Vallado,15,MR76,75,503712,"48,9",False,Fin de Semana,Sábado,3.4069,-7.650.234
2024-03-03,URBANA,006_ZW Parque Vallado,15,MR76,90,16390,"1,2",False,Fin de Semana,Domingo,3.4069,-7.650.234
2024-03-04,URBANA,006_ZW Parque Vallado,15,MR76,103,9319,"0,7",False,Laboral,Lunes,3.4069,-7.650.234
2024-03-05,URBANA,006_ZW Parque Vallado,15,MR76,115,17311,"1,3",False,Laboral,Martes,3.4069,-7.650.234
2024-03-06,URBANA,006_ZW Parque Vallado,15,MR76,81,10202,"0,8",False,Laboral,Miércoles,3.4069,-7.650.234
2024-03-07,URBANA,006_ZW Parque Vallado,15,MR76,124,26952,"2,5",False,Laboral,Jueves,3.4069,-7.650.234
2024-03-08,URBANA,006_ZW Parque Vallado,15,MR76,98,14425,"1,3",False,Laboral,Viernes,3.4069,-7.650.234
2024-03-09,URBANA,006_ZW Parque Vallado,15,MR76,105,23468,"2,4",False,Fin de Semana,Sábado,3.4069,-7.650.234
2024-03-10,URBANA,006_ZW Parque Vallado,15,MR76,97,20679,"2,2",False,Fin de Semana,Domingo,3.4069,-7.650.234
2024-03-11,URBANA,006_ZW Parque Vallado,15,MR76,99,15324,"1,6",False,Laboral,Lunes,3.4069,-7.650.234
2024-03-12,URBANA,006_ZW Parque Vallado,15,MR76,108,27121,"3,1",False,Laboral,Martes,3.4069,-7.650.234
2024-03-13,URBANA,006_ZW Parque Vallado,15,MR76,78,89497,"12,1",False,Laboral,Miércoles,3.4069,-7.650.234
2024-03-14,URBANA,006_ZW Parque Vallado,15,MR76,98,20657,"2,1",False,Laboral,Jueves,3.4069,-7.650.234
2024-03-15,URBANA,006_ZW Parque Vallado,15,MR76,130,1228524,"94,3",False,Laboral,Viernes,3.4069,-7.650.234
2024-03-16,URBANA,006_ZW Parque Vallado,15,MR76,98,3709491,328,False,Fin de Semana,Sábado,3.4069,-7.650.234
2024-03-17,URBANA,006_ZW Parque Vallado,15,MR76,109,34590,"2,7",False,Fin de Semana,Domingo,3.4069,-7.650.234
2024-03-18,URBANA,006_ZW Parque Vallado,15,MR76,116,25944,"2,2",False,Laboral,Lunes,3.4069,-7.650.234
2024-03-19,URBANA,006_ZW Parque Vallado,15,MR76,99,17446,"2,3",False,Laboral,Martes,3.4069,-7.650.234
2024-03-20,URBANA,006_ZW Parque Vallado,15,MR76,106,20746,"3,2",False,Laboral,Miércoles,3.4069,-7.650.234
2024-03-21,URBANA,006_ZW Parque Vallado,15,MR76,85,29301,"3,4",False,Laboral,Jueves,3.4069,-7.650.234
2024-03-22,URBANA,006_ZW Parque Vallado,15,MR76,97,30063,"3,1",False,Laboral,Viernes,3.4069,-7.650.234
2024-03-23,URBANA,006_ZW Parque Vallado,15,MR76,94,1794993,"230,1",False,Fin de Semana,Sábado,3.4069,-7.650.234
2024-03-24,URBANA,006_ZW Parque Vallado,15,MR76,100,2634264,"289,6",True,Festivo,Domingo,3.4069,-7.650.234
2024-03-25,URBANA,006_ZW Parque Vallado,15,MR76,96,20040,"2,9",True,Festivo,Lunes,3.4069,-7.650.234
2024-03-26,URBANA,006_ZW Parque Vallado,15,MR76,105,22847,"2,9",False,Laboral,Martes,3.4069,-7.650.234
2024-03-27,URBANA,006_ZW Parque Vallado,15,MR76,91,24059,3,False,Laboral,Miércoles,3.4069,-7.650.234
2024-03-28,URBANA,006_ZW Parque Vallado,15,MR76,82,6758,"1,1",True,Festivo,Jueves,3.4069,-7.650.234
2024-03-29,URBANA,006_ZW Parque Vallado,15,MR76,47,478395,"48,3",True,Festivo,Viernes,3.4069,-7.650.234
2024-03-30,URBANA,006_ZW Parque Vallado,15,MR76,92,7920800,"1270,1",False,Fin de Semana,Sábado,3.4069,-7.650.234
2024-03-31,URBANA,006_ZW Parque Vallado,15,MR76,89,2815220,"369,6",True,Festivo,Domingo,3.4069,-7.650.234
2024-04-01,URBANA,006_ZW Parque Vallado,15,MR76,89,17315,"1,7",False,Laboral,Lunes,3.4069,-7.650.234
2024-04-02,URBANA,006_ZW Parque Vallado,15,MR76,56,551632,"78,4",False,Laboral,Martes,3.4069,-7.650.234
2024-04-03,URBANA,006_ZW Parque Vallado,15,MR76,88,2664336,"295,7",False,Laboral,Miércoles,3.4069,-7.650.234
2024-04-04,URBANA,006_ZW Parque Vallado,15,MR76,98,3265380,284,False,Laboral,Jueves,3.4069,-7.650.234
2024-04-05,URBANA,006_ZW Parque Vallado,15,MR76,114,17476,"1,6",False,Laboral,Viernes,3.4069,-7.650.234
2024-04-06,URBANA,006_ZW Parque Vallado,15,MR76,99,7872075,"654,1",False,Fin de Semana,Sábado,3.4069,-7.650.234
2024-04-07,URBANA,006_ZW Parque Vallado,15,MR76,88,5897827,"493,1",False,Fin de Semana,Domingo,3.4069,-7.650.234
2024-04-08,URBANA,006_ZW Parque Vallado,15,MR76,107,16236,"2,3",False,Laboral,Lunes,3.4069,-7.650.234
2024-04-09,URBANA,006_ZW Parque Vallado,15,MR76,94,4912317,642,False,Laboral,Martes,3.4069,-7.650.234
2024-04-10,URBANA,006_ZW Parque Vallado,15,MR76,90,1875705,"441,3",False,Laboral,Miércoles,3.4069,-7.650.234
2024-04-11,URBANA,006_ZW Parque Vallado,15,MR76,110,25094,"5,7",False,Laboral,Jueves,3.4069,-7.650.234
2024-04-12,URBANA,006_ZW Parque Vallado,15,MR76,110,836988,"123,3",False,Laboral,Viernes,3.4069,-7.650.234
2024-04-13,URBANA,006_ZW Parque Vallado,15,MR76,105,60965,"7,2",False,Fin de Semana,Sábado,3.4069,-7.650.234
2024-04-14,URBANA,006_ZW Parque Vallado,15,MR76,101,13805,2,False,Fin de Semana,Domingo,3.4069,-7.650.234
2024-04-15,URBANA,006_ZW Parque Vallado,15,MR76,76,4298,"1,1",False,Laboral,Lunes,3.4069,-7.650.234
2024-04-16,URBANA,006_ZW Parque Vallado,15,MR76,87,21432,5,False,Laboral,Martes,3.4069,-7.650.234
2024-04-17,URBANA,006_ZW Parque Vallado,15,MR76,74,26274,7,False,Laboral,Miércoles,3.4069,-7.650.234
2024-04-18,URBANA,006_ZW Parque Vallado,15,MR76,86,6677,"2,3",False,Laboral,Jueves,3.4069,-7.650.234
2024-04-19,URBANA,006_ZW Parque Vallado,15,MR76,55,4840,"1,2",False,Laboral,Viernes,3.4069,-7.650.234
2024-04-20,URBANA,006_ZW Parque Vallado,15,MR76,91,13084,"1,7",False,Fin de Semana,Sábado,3.4069,-7.650.234
2024-04-21,URBANA,006_ZW Parque Vallado,15,MR76,100,32515,"5,3",False,Fin de Semana,Domingo,3.4069,-7.650.234
2024-04-22,URBANA,006_ZW Parque Vallado,15,MR76,86,6424,"1,4",False,Laboral,Lunes,3.4069,-7.650.234
2024-04-23,URBANA,006_ZW Parque Vallado,15,MR76,83,2429063,"132,3",False,Laboral,Martes,3.4069,-7.650.234
2024-04-24,URBANA,006_ZW Parque Vallado,15,MR76,82,808333,44,False,Laboral,Miércoles,3.4069,-7.650.234
2024-04-25,URBANA,006_ZW Parque Vallado,15,MR76,88,1986265,"167,4",False,Laboral,Jueves,3.4069,-7.650.234
2024-04-26,URBANA,006_ZW Parque Vallado,15,MR76,53,474182,"47,3",False,Laboral,Viernes,3.4069,-7.650.234
2024-04-27,URBANA,006_ZW Parque Vallado,15,MR76,59,1015915,"83,3",False,Fin de Semana,Sábado,3.4069,-7.650.234
2024-04-28,URBANA,006_ZW Parque Vallado,15,MR76,38,183978,"24,9",False,Fin de Semana,Domingo,3.4069,-7.650.234
2024-04-29,URBANA,006_ZW Parque Vallado,15,MR76,69,795397,"99,3",False,Laboral,Lunes,3.4069,-7.650.234
2024-04-30,URBANA,006_ZW Parque Vallado,15,MR76,87,8500,"1,3",False,Laboral,Martes,3.4069,-7.650.234
2024-05-01,URBANA,006_ZW Parque Vallado,15,MR76,90,9124,"1,7",True,Festivo,Miércoles,3.4069,-7.650.234
2024-05-02,URBANA,006_ZW Parque Vallado,15,MR76,90,8657,"1,7",False,Laboral,Jueves,3.4069,-7.650.234
2024-05-03,URBANA,006_ZW Parque Vallado,15,MR76,59,20410,"4,5",False,Laboral,Viernes,3.4069,-7.650.234
2024-05-04,URBANA,006_ZW Parque Vallado,15,MR76,99,39202,"5,4",False,Fin de Semana,Sábado,3.4069,-7.650.234
2024-05-05,URBANA,006_ZW Parque Vallado,15,MR76,83,19002,"3,1",False,Fin de Semana,Domingo,3.4069,-7.650.234
2024-05-06,URBANA,006_ZW Parque Vallado,15,MR76,93,38513,"8,1",False,Laboral,Lunes,3.4069,-7.650.234
2024-05-07,URBANA,006_ZW Parque Vallado,15,MR76,67,14830,"2,4",False,Laboral,Martes,3.4069,-7.650.234
2024-05-08,URBANA,006_ZW Parque Vallado,15,MR76,70,17859,"2,3",False,Laboral,Miércoles,3.4069,-7.650.234
2024-05-09,URBANA,006_ZW Parque Vallado,15,MR76,83,9431,"1,1",False,Laboral,Jueves,3.4069,-7.650.234
2024-05-10,URBANA,006_ZW Parque Vallado,15,MR76,92,32042,"4,1",False,Laboral,Viernes,3.4069,-7.650.234
2024-05-11,URBANA,006_ZW Parque Vallado,15,MR76,74,4499667,"603,8",False,Fin de Semana,Sábado,3.4069,-7.650.234
2024-05-12,URBANA,006_ZW Parque Vallado,15,MR76,73,2739071,664,False,Fin de Semana,Domingo,3.4069,-7.650.234
2024-05-13,URBANA,006_ZW Parque Vallado,15,MR76,86,1707371,"305,1",True,Festivo,Lunes,3.4069,-7.650.234
2024-05-14,URBANA,006_ZW Parque Vallado,15,MR76,60,8723,4,False,Laboral,Martes,3.4069,-7.650.234
2024-05-15,URBANA,006_ZW Parque Vallado,15,MR76,80,22897,"3,7",False,Laboral,Miércoles,3.4069,-7.650.234
2024-05-16,URBANA,006_ZW Parque Vallado,15,MR76,69,17378,"2,1",False,Laboral,Jueves,3.4069,-7.650.234
2024-05-17,URBANA,006_ZW Parque Vallado,15,MR76,87,19829,"1,9",False,Laboral,Viernes,3.4069,-7.650.234
2024-05-18,URBANA,006_ZW Parque Vallado,15,MR76,97,27727,"2,5",False,Fin de Semana,Sábado,3.4069,-7.650.234
2024-05-19,URBANA,006_ZW Parque Vallado,15,MR76,97,10905,"0,9",False,Fin de Semana,Domingo,3.4069,-7.650.234
2024-05-20,URBANA,006_ZW Parque Vallado,15,MR76,80,16501,"2,3",False,Laboral,Lunes,3.4069,-7.650.234
2024-05-21,URBANA,006_ZW Parque Vallado,15,MR76,73,7835,1,False,Laboral,Martes,3.4069,-7.650.234
2024-05-22,URBANA,006_ZW Parque Vallado,15,MR76,69,11770,"4,6",False,Laboral,Miércoles,3.4069,-7.650.234
2024-05-23,URBANA,006_ZW Parque Vallado,15,MR76,77,10839,2,False,Laboral,Jueves,3.4069,-7.650.234
2024-05-24,URBANA,006_ZW Parque Vallado,15,MR76,84,10858,"2,3",False,Laboral,Viernes,3.4069,-7.650.234
2024-05-25,URBANA,006_ZW Parque Vallado,15,MR76,105,2724302,"382,5",False,Fin de Semana,Sábado,3.4069,-7.650.234
2024-05-26,URBANA,006_ZW Parque Vallado,15,MR76,68,2785207,"403,1",False,Fin de Semana,Domingo,3.4069,-7.650.234
2024-05-27,URBANA,006_ZW Parque Vallado,15,MR76,75,3933681,"462,7",False,Laboral,Lunes,3.4069,-7.650.234
2024-05-28,URBANA,006_ZW Parque Vallado,15,MR76,116,322011,"43,2",False,Laboral,Martes,3.4069,-7.650.234
2024-05-29,URBANA,006_ZW Parque Vallado,15,MR76,49,1608,"0,3",False,Laboral,Miércoles,3.4069,-7.650.234
2024-05-30,URBANA,006_ZW Parque Vallado,15,MR76,96,14805,"1,2",False,Laboral,Jueves,3.4069,-7.650.234
2024-05-31,URBANA,006_ZW Parque Vallado,15,MR76,111,19226,"2,1",False,Laboral,Viernes,3.4069,-7.650.234
2024-06-01,URBANA,006_ZW Parque Vallado,15,MR76,128,19641,2,False,Fin de Semana,Sábado,3.4069,-7.650.234
2024-06-02,URBANA,006_ZW Parque Vallado,15,MR76,97,53998,"5,5",False,Fin de Semana,Domingo,3.4069,-7.650.234
2024-06-03,URBANA,006_ZW Parque Vallado,15,MR76,87,22738,"3,3",True,Festivo,Lunes,3.4069,-7.650.234
2024-06-04,URBANA,006_ZW Parque Vallado,15,MR76,80,12223,"2,7",False,Laboral,Martes,3.4069,-7.650.234
2024-06-05,URBANA,006_ZW Parque Vallado,15,MR76,88,15152,"5,3",False,Laboral,Miércoles,3.4069,-7.650.234
2024-06-06,URBANA,006_ZW Parque Vallado,15,MR76,110,10228,"1,7",False,Laboral,Jueves,3.4069,-7.650.234
2024-06-07,URBANA,006_ZW Parque Vallado,15,MR76,109,35836,"7,5",False,Laboral,Viernes,3.4069,-7.650.234
2024-06-08,URBANA,006_ZW Parque Vallado,15,MR76,119,18685,"5,9",False,Fin de Semana,Sábado,3.4069,-7.650.234
2024-06-09,URBANA,006_ZW Parque Vallado,15,MR76,100,14299,"4,9",False,Fin de Semana,Domingo,3.4069,-7.650.234
2024-06-10,URBANA,006_ZW Parque Vallado,15,MR76,82,20142,"3,7",True,Festivo,Lunes,3.4069,-7.650.234
2024-06-11,URBANA,006_ZW Parque Vallado,15,MR76,129,21951,"3,5",False,Laboral,Martes,3.4069,-7.650.234
2024-06-12,URBANA,006_ZW Parque Vallado,15,MR76,97,11579,"1,6",False,Laboral,Miércoles,3.4069,-7.650.234
2024-06-13,URBANA,006_ZW Parque Vallado,15,MR76,117,14787,287887200,False,Laboral,Jueves,3.4069,-7.650.234
2024-06-14,URBANA,006_ZW Parque Vallado,15,MR76,97,20422,613804100,False,Laboral,Viernes,3.4069,-7.650.234
2024-06-15,URBANA,006_ZW Parque Vallado,15,MR76,86,9087,163023100,False,Fin de Semana,Sábado,3.4069,-7.650.234
2024-06-16,URBANA,006_ZW Parque Vallado,15,MR76,101,17323,310634400,False,Fin de Semana,Domingo,3.4069,-7.650.234
2024-06-17,URBANA,006_ZW Parque Vallado,15,MR76,111,16536,"2,6",False,Laboral,Lunes,3.4069,-7.650.234
2024-06-18,URBANA,006_ZW Parque Vallado,15,MR76,104,16788,"2,7",False,Laboral,Martes,3.4069,-7.650.234
2024-06-19,URBANA,006_ZW Parque Vallado,15,MR76,68,542277,"76,9",False,Laboral,Miércoles,3.4069,-7.650.234
2024-06-20,URBANA,006_ZW Parque Vallado,15,MR76,127,1045233,"209,2",False,Laboral,Jueves,3.4069,-7.650.234
2024-06-21,URBANA,006_ZW Parque Vallado,15,MR76,140,883139,"151,7",False,Laboral,Viernes,3.4069,-7.650.234
2024-06-22,URBANA,006_ZW Parque Vallado,15,MR76,140,17924,"3,4",False,Fin de Semana,Sábado,3.4069,-7.650.234
2024-06-23,URBANA,006_ZW Parque Vallado,15,MR76,74,6814,"2,7",False,Fin de Semana,Domingo,3.4069,-7.650.234
2024-06-24,URBANA,006_ZW Parque Vallado,15,MR76,146,8015,"1,5",False,Laboral,Lunes,3.4069,-7.650.234
2024-06-25,URBANA,006_ZW Parque Vallado,15,MR76,122,5032,"1,2",False,Laboral,Martes,3.4069,-7.650.234
2024-06-26,URBANA,006_ZW Parque Vallado,15,MR76,120,8775,"2,3",False,Laboral,Miércoles,3.4069,-7.650.234
2024-06-27,URBANA,006_ZW Parque Vallado,15,MR76,145,279072,83,False,Laboral,Jueves,3.4069,-7.650.234
2024-06-28,URBANA,006_ZW Parque Vallado,15,MR76,139,731066,"125,8",False,Laboral,Viernes,3.4069,-7.650.234
2024-06-29,URBANA,006_ZW Parque Vallado,15,MR76,104,1751847,297,False,Fin de Semana,Sábado,3.4069,-7.650.234
2024-06-30,URBANA,006_ZW Parque Vallado,15,MR76,93,3014045,"647,4",False,Fin de Semana,Domingo,3.4069,-7.650.234
2024-07-01,URBANA,006_ZW Parque Vallado,15,MR76,114,5497029,"763,67",True,Festivo,Lunes,3.4069,-7.650.234
2024-07-02,URBANA,006_ZW Parque Vallado,15,MR76,162,16082,"1,73",False,Laboral,Martes,3.4069,-7.650.234
2024-07-03,URBANA,006_ZW Parque Vallado,15,MR76,118,23729,"2,82",False,Laboral,Miércoles,3.4069,-7.650.234
2024-07-04,URBANA,006_ZW Parque Vallado,15,MR76,117,9773,"1,23",False,Laboral,Jueves,3.4069,-7.650.234
2024-07-05,URBANA,006_ZW Parque Vallado,15,MR76,142,9962,"1,17",False,Laboral,Viernes,3.4069,-7.650.234
2024-07-06,URBANA,006_ZW Parque Vallado,15,MR76,147,17073,"2,03",False,Fin de Semana,Sábado,3.4069,-7.650.234
2024-07-07,URBANA,006_ZW Parque Vallado,15,MR76,148,24493,"2,78",False,Fin de Semana,Domingo,3.4069,-7.650.234
2024-07-08,URBANA,006_ZW Parque Vallado,15,MR76,139,20948,"3,77",False,Laboral,Lunes,3.4069,-7.650.234
2024-07-09,URBANA,006_ZW Parque Vallado,15,MR76,144,21472,"3,7",False,Laboral,Martes,3.4069,-7.650.234
2024-07-10,URBANA,006_ZW Parque Vallado,15,MR76,146,14601,"2,11",False,Laboral,Miércoles,3.4069,-7.650.234
2024-07-11,URBANA,006_ZW Parque Vallado,15,MR76,115,25510,"3,46",False,Laboral,Jueves,3.4069,-7.650.234
2024-07-12,URBANA,006_ZW Parque Vallado,15,MR76,138,48717,"7,68",False,Laboral,Viernes,3.4069,-7.650.234
2024-07-13,URBANA,006_ZW Parque Vallado,15,MR76,125,270845,"38,44",False,Fin de Semana,Sábado,3.4069,-7.650.234
2024-07-14,URBANA,006_ZW Parque Vallado,15,MR76,107,21851,"3,44",False,Fin de Semana,Domingo,3.4069,-7.650.234
2024-07-15,URBANA,006_ZW Parque Vallado,15,MR76,119,12675,"2,27",False,Laboral,Lunes,3.4069,-7.650.234
2024-07-16,URBANA,006_ZW Parque Vallado,15,MR76,143,24574,"3,91",False,Laboral,Martes,3.4069,-7.650.234
2024-07-17,URBANA,006_ZW Parque Vallado,15,MR76,129,11596,"2,56",False,Laboral,Miércoles,3.4069,-7.650.234
2024-07-18,URBANA,006_ZW Parque Vallado,15,MR76,148,24596,"4,13",False,Laboral,Jueves,3.4069,-7.650.234
2024-07-19,URBANA,006_ZW Parque Vallado,15,MR76,132,19856,"2,77",False,Laboral,Viernes,3.4069,-7.650.234
2024-07-20,URBANA,006_ZW Parque Vallado,15,MR76,123,11010,"1,41",True,Festivo,Sábado,3.4069,-7.650.234
2024-07-21,URBANA,006_ZW Parque Vallado,15,MR76,134,16646,"2,54",False,Fin de Semana,Domingo,3.4069,-7.650.234
2024-07-22,URBANA,006_ZW Parque Vallado,15,MR76,128,1061286,"152,7",False,Laboral,Lunes,3.4069,-7.650.234
2024-07-23,URBANA,006_ZW Parque Vallado,15,MR76,109,945493,"136,49",False,Laboral,Martes,3.4069,-7.650.234
2024-07-24,URBANA,006_ZW Parque Vallado,15,MR76,111,1153974,"182,57",False,Laboral,Miércoles,3.4069,-7.650.234
2024-07-25,URBANA,006_ZW Parque Vallado,15,MR76,92,3492608,"552,43",False,Laboral,Jueves,3.4069,-7.650.234
2024-07-26,URBANA,006_ZW Parque Vallado,15,MR76,147,67642,"8,91",False,Laboral,Viernes,3.4069,-7.650.234
2024-07-27,URBANA,006_ZW Parque Vallado,15,MR76,89,9409,"1,61",False,Fin de Semana,Sábado,3.4069,-7.650.234
2024-07-28,URBANA,006_ZW Parque Vallado,15,MR76,110,9017,"1,91",False,Fin de Semana,Domingo,3.4069,-7.650.234
2024-07-29,URBANA,006_ZW Parque Vallado,15,MR76,110,482472,"77,37",False,Laboral,Lunes,3.4069,-7.650.234
2024-07-30,URBANA,006_ZW Parque Vallado,15,MR76,36,53964,"7,89",False,Laboral,Martes,3.4069,-7.650.234
2024-11-12,URBANA,006_ZW Parque Vallado,15,MR76,125,294566,"15,41",False,Laboral,Martes,3.4069,-7.650.234
2024-11-13,URBANA,006_ZW Parque Vallado,15,MR76,114,624224,"38,53",False,Laboral,Miércoles,3.4069,-7.650.234
2024-11-14,URBANA,006_ZW Parque Vallado,15,MR76,124,906453,"47,22",False,Laboral,Jueves,3.4069,-7.650.234
2024-11-15,URBANA,006_ZW Parque Vallado,15,MR76,129,447279,"24,55",False,Laboral,Viernes,3.4069,-7.650.234
2024-11-16,URBANA,006_ZW Parque Vallado,15,MR76,106,3442953,"186,98",False,Fin de Semana,Sábado,3.4069,-7.650.234
2024-11-17,URBANA,006_ZW Parque Vallado,15,MR76,103,1663452,"96,83",False,Fin de Semana,Domingo,3.4069,-7.650.234
2024-11-18,URBANA,006_ZW Parque Vallado,15,MR76,87,208329,"12,96",False,Laboral,Lunes,3.4069,-7.650.234
2024-11-19,URBANA,006_ZW Parque Vallado,15,MR76,94,1709405,107,False,Laboral,Martes,3.4069,-7.650.234
2024-11-20,URBANA,006_ZW Parque Vallado,15,MR76,136,466555,"24,45",False,Laboral,Miércoles,3.4069,-7.650.234
2024-11-21,URBANA,006_ZW Parque Vallado,15,MR76,101,1431185,"79,26",False,Laboral,Jueves,3.4069,-7.650.234
2024-11-22,URBANA,006_ZW Parque Vallado,15,MR76,120,1947281,"96,46",False,Laboral,Viernes,3.4069,-7.650.234
2024-11-23,URBANA,006_ZW Parque Vallado,15,MR76,94,2038237,"106,36",False,Fin de Semana,Sábado,3.4069,-7.650.234
2024-11-24,URBANA,006_ZW Parque Vallado,15,MR76,37,119445,"16,13",False,Fin de Semana,Domingo,3.4069,-7.650.234
2024-11-25,URBANA,006_ZW Parque Vallado,15,MR76,67,232911,"56,63",False,Laboral,Lunes,3.4069,-7.650.234
2024-11-26,URBANA,006_ZW Parque Vallado,15,MR76,54,1007379,"127,92",False,Laboral,Martes,3.4069,-7.650.234
2024-11-27,URBANA,006_ZW Parque Vallado,15,MR76,91,4012605,"206,61",False,Laboral,Miércoles,3.4069,-7.650.234
2024-11-28,URBANA,006_ZW Parque Vallado,15,MR76,125,796095,"37,81",False,Laboral,Jueves,3.4069,-7.650.234
2024-11-29,URBANA,006_ZW Parque Vallado,15,MR76,125,1796812,"80,85",False,Laboral,Viernes,3.4069,-7.650.234
2024-11-30,URBANA,006_ZW Parque Vallado,15,MR76,127,1236725,"54,26",False,Fin de Semana,Sábado,3.4069,-7.650.234
2024-12-01,URBANA,006_ZW Parque Vallado,15,MR76,111,2691253,"111,36",False,Fin de Semana,Domingo,3.4069,-7.650.234
2024-12-02,URBANA,006_ZW Parque Vallado,15,MR76,118,899856,"43,13",False,Laboral,Lunes,3.4069,-7.650.234
2024-12-03,URBANA,006_ZW Parque Vallado,15,MR76,114,1536836,"82,31",False,Laboral,Martes,3.4069,-7.650.234
2024-12-04,URBANA,006_ZW Parque Vallado,15,MR76,145,3723140,"161,2",False,Laboral,Miércoles,3.4069,-7.650.234
2024-12-05,URBANA,006_ZW Parque Vallado,15,MR76,112,1858485,"81,01",False,Laboral,Jueves,3.4069,-7.650.234
2024-12-06,URBANA,006_ZW Parque Vallado,15,MR76,7,389,"0,02",False,Laboral,Viernes,3.4069,-7.650.234
2024-12-09,URBANA,006_ZW Parque Vallado,15,MR76,97,2234579,"82,85",False,Laboral,Lunes,3.4069,-7.650.234
2024-12-10,URBANA,006_ZW Parque Vallado,15,MR76,126,2115311,"69,85",False,Laboral,Martes,3.4069,-7.650.234
2024-12-11,URBANA,006_ZW Parque Vallado,15,MR76,112,1432137,"47,5",False,Laboral,Miércoles,3.4069,-7.650.234
2024-12-12,URBANA,006_ZW Parque Vallado,15,MR76,119,1257207,"36,64",False,Laboral,Jueves,3.4069,-7.650.234
2024-12-13,URBANA,006_ZW Parque Vallado,15,MR76,113,1257156,"37,06",False,Laboral,Viernes,3.4069,-7.650.234
2024-12-14,URBANA,006_ZW Parque Vallado,15,MR76,109,100545,"3,31",False,Fin de Semana,Sábado,3.4069,-7.650.234
2024-12-15,URBANA,006_ZW Parque Vallado,15,MR76,92,1460907,"49,31",False,Fin de Semana,Domingo,3.4069,-7.650.234
2024-12-16,URBANA,006_ZW Parque Vallado,15,MR76,67,791464,"23,8",False,Laboral,Lunes,3.4069,-7.650.234
2024-12-17,URBANA,006_ZW Parque Vallado,15,MR76,81,348042,"11,3",False,Laboral,Martes,3.4069,-7.650.234
2024-12-18,URBANA,006_ZW Parque Vallado,15,MR76,88,728091,"23,1",False,Laboral,Miércoles,3.4069,-7.650.234
2024-12-19,URBANA,006_ZW Parque Vallado,15,MR76,88,771855,"27,1",False,Laboral,Jueves,3.4069,-7.650.234
2024-12-20,URBANA,006_ZW Parque Vallado,15,MR76,90,2034027,67,False,Laboral,Viernes,3.4069,-7.650.234
2024-12-21,URBANA,006_ZW Parque Vallado,15,MR76,73,787369,"30,2",False,Fin de Semana,Sábado,3.4069,-7.650.234
2024-12-22,URBANA,006_ZW Parque Vallado,15,MR76,103,1323268,"41,3",False,Fin de Semana,Domingo,3.4069,-7.650.234
2024-12-23,URBANA,006_ZW Parque Vallado,15,MR76,64,467586,"18,7",False,Laboral,Lunes,3.4069,-7.650.234
2024-12-24,URBANA,006_ZW Parque Vallado,15,MR76,61,697315,"29,2",False,Laboral,Martes,3.4069,-7.650.234
2024-12-25,URBANA,006_ZW Parque Vallado,15,MR76,94,2496652,"88,4",True,Festivo,Miércoles,3.4069,-7.650.234
2024-12-26,URBANA,006_ZW Parque Vallado,15,MR76,48,171806,"6,28",False,Laboral,Jueves,3.4069,-7.650.234
2024-12-27,URBANA,006_ZW Parque Vallado,15,MR76,66,713304,"21,9",False,Laboral,Viernes,3.4069,-7.650.234
2024-12-28,URBANA,006_ZW Parque Vallado,15,MR76,51,2744614,117,False,Fin de Semana,Sábado,3.4069,-7.650.234
2024-12-29,URBANA,006_ZW Parque Vallado,15,MR76,77,3519696,109,False,Fin de Semana,Domingo,3.4069,-7.650.234
2024-12-30,URBANA,006_ZW Parque Vallado,15,MR76,26,61501,"2,51",False,Laboral,Lunes,3.4069,-7.650.234
2025-01-02,URBANA,006_ZW Parque Vallado,15,MR76,52,1544459,55,False,Laboral,Jueves,3.4069,-7.650.234
2025-01-03,URBANA,006_ZW Parque Vallado,15,MR76,44,69984,3,False,Laboral,Viernes,3.4069,-7.650.234
2025-01-04,URBANA,006_ZW Parque Vallado,15,MR76,57,854359,32,False,Fin de Semana,Sábado,3.4069,-7.650.234
2025-01-05,URBANA,006_ZW Parque Vallado,15,MR76,60,2100477,64,False,Fin de Semana,Domingo,3.4069,-7.650.234
2025-01-06,URBANA,006_ZW Parque Vallado,15,MR76,77,2343264,63,True,Festivo,Lunes,3.4069,-7.650.234
2025-01-07,URBANA,006_ZW Parque Vallado,15,MR76,43,624447,19,False,Laboral,Martes,3.4069,-7.650.234
2025-01-08,URBANA,006_ZW Parque Vallado,15,MR76,49,1165168,34,False,Laboral,Miércoles,3.4069,-7.650.234
2025-01-09,URBANA,006_ZW Parque Vallado,15,MR76,58,421613,12,False,Laboral,Jueves,3.4069,-7.650.234
2025-01-10,URBANA,006_ZW Parque Vallado,15,MR76,47,359480,10,False,Laboral,Viernes,3.4069,-7.650.234
2025-01-11,URBANA,006_ZW Parque Vallado,15,MR76,75,2799749,82,False,Fin de Semana,Sábado,3.4069,-7.650.234
2025-01-12,URBANA,006_ZW Parque Vallado,15,MR76,78,1742551,47,False,Fin de Semana,Domingo,3.4069,-7.650.234
2025-01-13,URBANA,006_ZW Parque Vallado,15,MR76,58,861756,29,False,Laboral,Lunes,3.4069,-7.650.234
2025-01-14,URBANA,006_ZW Parque Vallado,15,MR76,56,1331902,44,False,Laboral,Martes,3.4069,-7.650.234
2025-01-15,URBANA,006_ZW Parque Vallado,15,MR76,64,545924,19,False,Laboral,Miércoles,3.4069,-7.650.234
2025-01-16,URBANA,006_ZW Parque Vallado,15,MR76,67,1057971,34,False,Laboral,Jueves,3.4069,-7.650.234
2025-01-17,URBANA,006_ZW Parque Vallado,15,MR76,82,1234583,41,False,Laboral,Viernes,3.4069,-7.650.234
2025-01-18,URBANA,006_ZW Parque Vallado,15,MR76,67,2380454,79,False,Fin de Semana,Sábado,3.4069,-7.650.234
2025-01-19,URBANA,006_ZW Parque Vallado,15,MR76,95,2837605,88,False,Fin de Semana,Domingo,3.4069,-7.650.234
2025-01-20,URBANA,006_ZW Parque Vallado,15,MR76,28,318367,10,False,Laboral,Lunes,3.4069,-7.650.234
2025-01-26,URBANA,006_ZW Parque Vallado,15,MR76,72,2800580,71,False,Fin de Semana,Domingo,3.4069,-7.650.234
2025-01-27,URBANA,006_ZW Parque Vallado,15,MR76,97,1296426,34,False,Laboral,Lunes,3.4069,-7.650.234
2025-01-28,URBANA,006_ZW Parque Vallado,15,MR76,76,2274172,69,False,Laboral,Martes,3.4069,-7.650.234
2025-01-29,URBANA,006_ZW Parque Vallado,15,MR76,81,2849807,79,False,Laboral,Miércoles,3.4069,-7.650.234
2025-01-30,URBANA,006_ZW Parque Vallado,15,MR76,88,1555433,57,False,Laboral,Jueves,3.4069,-7.650.234
2025-01-31,URBANA,006_ZW Parque Vallado,15,MR76,107,3796260,206,False,Laboral,Viernes,3.4069,-7.650.234
2025-02-01,URBANA,006_ZW Parque Vallado,15,MR76,110,3524953,124,False,Fin de Semana,Sábado,3.4069,-7.650.234
2025-02-02,URBANA,006_ZW Parque Vallado,15,MR76,95,3663894,108,False,Fin de Semana,Domingo,3.4069,-7.650.234
2025-02-03,URBANA,006_ZW Parque Vallado,15,MR76,99,2365395,92,False,Laboral,Lunes,3.4069,-7.650.234
2025-02-04,URBANA,006_ZW Parque Vallado,15,MR76,92,1490108,53,False,Laboral,Martes,3.4069,-7.650.234
2025-02-05,URBANA,006_ZW Parque Vallado,15,MR76,91,56836,2,False,Laboral,Miércoles,3.4069,-7.650.234
2025-02-06,URBANA,006_ZW Parque Vallado,15,MR76,72,1027947,38,False,Laboral,Jueves,3.4069,-7.650.234
2025-02-07,URBANA,006_ZW Parque Vallado,15,MR76,95,1777869,61,False,Laboral,Viernes,3.4069,-7.650.234
2025-02-08,URBANA,006_ZW Parque Vallado,15,MR76,72,2928011,109,False,Fin de Semana,Sábado,3.4069,-7.650.234
2025-02-09,URBANA,006_ZW Parque Vallado,15,MR76,42,959075,30,False,Fin de Semana,Domingo,3.4069,-7.650.234
2025-02-10,URBANA,006_ZW Parque Vallado,15,MR76,78,1146384,44,False,Laboral,Lunes,3.4069,-7.650.234
2025-02-11,URBANA,006_ZW Parque Vallado,15,MR76,82,2712191,91,False,Laboral,Martes,3.4069,-7.650.234
2025-02-12,URBANA,006_ZW Parque Vallado,15,MR76,89,1715393,52,False,Laboral,Miércoles,3.4069,-7.650.234
2025-02-13,URBANA,006_ZW Parque Vallado,15,MR76,42,340112,16,False,Laboral,Jueves,3.4069,-7.650.234
2025-02-14,URBANA,006_ZW Parque Vallado,15,MR76,90,2816160,84,False,Laboral,Viernes,3.4069,-7.650.234
2025-02-15,URBANA,006_ZW Parque Vallado,15,MR76,71,1257151,45,False,Fin de Semana,Sábado,3.4069,-7.650.234
2025-02-16,URBANA,006_ZW Parque Vallado,15,MR76,67,3441955,113,False,Fin de Semana,Domingo,3.4069,-7.650.234
2025-02-17,URBANA,006_ZW Parque Vallado,15,MR76,99,1076795,38,False,Laboral,Lunes,3.4069,-7.650.234
2025-02-18,URBANA,006_ZW Parque Vallado,15,MR76,74,2080117,74,False,Laboral,Martes,3.4069,-7.650.234
2025-02-19,URBANA,006_ZW Parque Vallado,15,MR76,94,1396766,44,False,Laboral,Miércoles,3.4069,-7.650.234
2025-02-20,URBANA,006_ZW Parque Vallado,15,MR76,89,1196150,34,False,Laboral,Jueves,3.4069,-7.650.234
2025-02-21,URBANA,006_ZW Parque Vallado,15,MR76,124,1679824,58,False,Laboral,Viernes,3.4069,-7.650.234
2025-02-22,URBANA,006_ZW Parque Vallado,15,MR76,97,1449342,51,False,Fin de Semana,Sábado,3.4069,-7.650.234
2025-02-23,URBANA,006_ZW Parque Vallado,15,MR76,87,3207545,93,False,Fin de Semana,Domingo,3.4069,-7.650.234
2025-02-24,URBANA,006_ZW Parque Vallado,15,MR76,85,2604604,107,False,Laboral,Lunes,3.4069,-7.650.234
2025-02-25,URBANA,006_ZW Parque Vallado,15,MR76,136,3247421,104,False,Laboral,Martes,3.4069,-7.650.234
2025-02-26,URBANA,006_ZW Parque Vallado,15,MR76,141,2389498,86,False,Laboral,Miércoles,3.4069,-7.650.234
2025-02-27,URBANA,006_ZW Parque Vallado,15,MR76,78,3249637,113,False,Laboral,Jueves,3.4069,-7.650.234
2025-02-28,URBANA,006_ZW Parque Vallado,15,MR76,120,3700968,131,False,Laboral,Viernes,3.4069,-7.650.234
2025-03-01,URBANA,006_ZW Parque Vallado,15,MR76,76,624223,23,False,Fin de Semana,Sábado,3.4069,-7.650.234
2025-03-02,URBANA,006_ZW Parque Vallado,15,MR76,109,2742148,81,False,Fin de Semana,Domingo,3.4069,-7.650.234
2025-03-03,URBANA,006_ZW Parque Vallado,15,MR76,122,2196833,82,False,Laboral,Lunes,3.4069,-7.650.234
2025-03-04,URBANA,006_ZW Parque Vallado,15,MR76,39,74789,3,False,Laboral,Martes,3.4069,-7.650.234
2025-03-05,URBANA,006_ZW Parque Vallado,15,MR76,74,541756,19,False,Laboral,Miércoles,3.4069,-7.650.234
2025-03-06,URBANA,006_ZW Parque Vallado,15,MR76,99,1763285,57,False,Laboral,Jueves,3.4069,-7.650.234
2025-03-07,URBANA,006_ZW Parque Vallado,15,MR76,105,1346542,48,False,Laboral,Viernes,3.4069,-7.650.234
2025-03-08,URBANA,006_ZW Parque Vallado,15,MR76,88,2264251,66,False,Fin de Semana,Sábado,3.4069,-7.650.234
2025-03-09,URBANA,006_ZW Parque Vallado,15,MR76,64,722303,23,False,Fin de Semana,Domingo,3.4069,-7.650.234
2025-03-10,URBANA,006_ZW Parque Vallado,15,MR76,93,3429948,99,False,Laboral,Lunes,3.4069,-7.650.234
2025-03-11,URBANA,006_ZW Parque Vallado,15,MR76,33,115581,5,False,Laboral,Martes,3.4069,-7.650.234
2025-03-12,URBANA,006_ZW Parque Vallado,15,MR76,76,1887963,64,False,Laboral,Miércoles,3.4069,-7.650.234
2025-03-13,URBANA,006_ZW Parque Vallado,15,MR76,67,739688,31,False,Laboral,Jueves,3.4069,-7.650.234
2025-03-14,URBANA,006_ZW Parque Vallado,15,MR76,98,3060753,103,False,Laboral,Viernes,3.4069,-7.650.234
2025-03-15,URBANA,006_ZW Parque Vallado,15,MR76,88,3192283,103,False,Fin de Semana,Sábado,3.4069,-7.650.234
2025-03-16,URBANA,006_ZW Parque Vallado,15,MR76,76,2796834,90,False,Fin de Semana,Domingo,3.4069,-7.650.234
2025-03-17,URBANA,006_ZW Parque Vallado,15,MR76,90,1049798,36,False,Laboral,Lunes,3.4069,-7.650.234
2025-03-18,URBANA,006_ZW Parque Vallado,15,MR76,80,1278254,39,False,Laboral,Martes,3.4069,-7.650.234
2025-03-19,URBANA,006_ZW Parque Vallado,15,MR76,128,1610130,58,False,Laboral,Miércoles,3.4069,-7.650.234
2025-03-20,URBANA,006_ZW Parque Vallado,15,MR76,88,733342,24,False,Laboral,Jueves,3.4069,-7.650.234
2025-03-21,URBANA,006_ZW Parque Vallado,15,MR76,111,2631139,71,False,Laboral,Viernes,3.4069,-7.650.234
2025-03-22,URBANA,006_ZW Parque Vallado,15,MR76,6,112350,4,False,Fin de Semana,Sábado,3.4069,-7.650.234
2025-03-26,URBANA,006_ZW Parque Vallado,15,MR76,48,1623017,52,False,Laboral,Miércoles,3.4069,-7.650.234
2025-03-27,URBANA,006_ZW Parque Vallado,15,MR76,75,1998833,55,False,Laboral,Jueves,3.4069,-7.650.234
2025-03-28,URBANA,006_ZW Parque Vallado,15,MR76,33,85916,4,False,Laboral,Viernes,3.4069,-7.650.234
