FECHA.CONEXION,AREA,NOMBRE.ZONA,COMUNA,MODEL,NUMERO.CONEXIONES,USAGE.KB,PORCENTAJE.USO,es_festivo,tipo_dia,dia_semana,LATITUD,LONGITUD
2024-01-01,URBANA,018_ZW Parque Las Banderas,19,MR76,29,711672,"81,4",True,Festivo,Lunes,343.181,-7.654.225
2024-01-02,URBANA,018_ZW Parque Las Banderas,19,MR76,34,17402,"2,1",False,Laboral,Martes,343.181,-7.654.225
2024-01-03,URBANA,018_ZW Parque Las Banderas,19,MR76,34,76762,"6,3",False,Laboral,Miércoles,343.181,-7.654.225
2024-01-04,URBANA,018_ZW Parque Las Banderas,19,MR76,24,72962,"6,9",False,Laboral,Jueves,343.181,-7.654.225
2024-01-05,URBANA,018_ZW Parque Las Banderas,19,MR76,34,198943,"18,4",False,Laboral,Viernes,343.181,-7.654.225
2024-01-06,URBANA,018_ZW Parque Las Banderas,19,MR76,38,48803,"6,4",False,Fin de Semana,Sábado,343.181,-7.654.225
2024-01-07,URBANA,018_ZW Parque Las Banderas,19,MR76,50,655540,"65,3",False,Fin de Semana,Domingo,343.181,-7.654.225
2024-01-08,URBANA,018_ZW Parque Las Banderas,19,MR76,37,86788,"5,5",True,Festivo,Lunes,343.181,-7.654.225
2024-01-09,URBANA,018_ZW Parque Las Banderas,19,MR76,31,9408,"0,7",False,Laboral,Martes,343.181,-7.654.225
2024-01-10,URBANA,018_ZW Parque Las Banderas,19,MR76,24,80762,"6,7",False,Laboral,Miércoles,343.181,-7.654.225
2024-01-11,URBANA,018_ZW Parque Las Banderas,19,MR76,29,7929,"0,7",False,Laboral,Jueves,343.181,-7.654.225
2024-01-12,URBANA,018_ZW Parque Las Banderas,19,MR76,39,427160,"36,8",False,Laboral,Viernes,343.181,-7.654.225
2024-01-13,URBANA,018_ZW Parque Las Banderas,19,MR76,49,334715,"37,2",False,Fin de Semana,Sábado,343.181,-7.654.225
2024-01-14,URBANA,018_ZW Parque Las Banderas,19,MR76,64,1471122,"185,9",False,Fin de Semana,Domingo,343.181,-7.654.225
2024-01-15,URBANA,018_ZW Parque Las Banderas,19,MR76,21,91684,"13,3",False,Laboral,Lunes,343.181,-7.654.225
2024-01-16,URBANA,018_ZW Parque Las Banderas,19,MR76,40,63691,"7,4",False,Laboral,Martes,343.181,-7.654.225
2024-01-17,URBANA,018_ZW Parque Las Banderas,19,MR76,40,70958,"7,1",False,Laboral,Miércoles,343.181,-7.654.225
2024-01-18,URBANA,018_ZW Parque Las Banderas,19,MR76,46,146975,"12,3",False,Laboral,Jueves,343.181,-7.654.225
2024-01-19,URBANA,018_ZW Parque Las Banderas,19,MR76,34,90617,"5,9",False,Laboral,Viernes,343.181,-7.654.225
2024-01-20,URBANA,018_ZW Parque Las Banderas,19,MR76,22,29779,"2,3",False,Fin de Semana,Sábado,343.181,-7.654.225
2024-01-21,URBANA,018_ZW Parque Las Banderas,19,MR76,67,57934,"4,5",False,Fin de Semana,Domingo,343.181,-7.654.225
2024-01-22,URBANA,018_ZW Parque Las Banderas,19,MR76,47,2200,"0,2",False,Laboral,Lunes,343.181,-7.654.225
2024-01-23,URBANA,018_ZW Parque Las Banderas,19,MR76,54,32745,3,False,Laboral,Martes,343.181,-7.654.225
2024-01-24,URBANA,018_ZW Parque Las Banderas,19,MR76,35,1534995,"122,7",False,Laboral,Miércoles,343.181,-7.654.225
2024-01-25,URBANA,018_ZW Parque Las Banderas,19,MR76,6,11153,"0,7",False,Laboral,Jueves,343.181,-7.654.225
2024-01-26,URBANA,018_ZW Parque Las Banderas,19,MR76,43,1350159,98,False,Laboral,Viernes,343.181,-7.654.225
2024-01-27,URBANA,018_ZW Parque Las Banderas,19,MR76,40,2705650,218,False,Fin de Semana,Sábado,343.181,-7.654.225
2024-01-28,URBANA,018_ZW Parque Las Banderas,19,MR76,64,5877398,"571,8",False,Fin de Semana,Domingo,343.181,-7.654.225
2024-01-29,URBANA,018_ZW Parque Las Banderas,19,MR76,26,101962,"8,8",False,Laboral,Lunes,343.181,-7.654.225
2024-01-30,URBANA,018_ZW Parque Las Banderas,19,MR76,48,749801,"82,8",False,Laboral,Martes,343.181,-7.654.225
2024-01-31,URBANA,018_ZW Parque Las Banderas,19,MR76,37,444756,"42,6",False,Laboral,Miércoles,343.181,-7.654.225
2024-02-01,URBANA,018_ZW Parque Las Banderas,19,MR76,47,421960,"30,3",False,Laboral,Jueves,343.181,-7.654.225
2024-02-02,URBANA,018_ZW Parque Las Banderas,19,MR76,29,130249,"13,6",False,Laboral,Viernes,343.181,-7.654.225
2024-02-03,URBANA,018_ZW Parque Las Banderas,19,MR76,6,327872,"18,5",False,Fin de Semana,Sábado,343.181,-7.654.225
2024-02-04,URBANA,018_ZW Parque Las Banderas,19,MR76,30,2617257,"163,7",False,Fin de Semana,Domingo,343.181,-7.654.225
2024-02-05,URBANA,018_ZW Parque Las Banderas,19,MR76,31,104962,7,False,Laboral,Lunes,343.181,-7.654.225
2024-02-06,URBANA,018_ZW Parque Las Banderas,19,MR76,37,1348659,"90,3",False,Laboral,Martes,343.181,-7.654.225
2024-02-07,URBANA,018_ZW Parque Las Banderas,19,MR76,51,2307737,"139,8",False,Laboral,Miércoles,343.181,-7.654.225
2024-02-08,URBANA,018_ZW Parque Las Banderas,19,MR76,38,1043400,"76,8",False,Laboral,Jueves,343.181,-7.654.225
2024-02-09,URBANA,018_ZW Parque Las Banderas,19,MR76,47,1240625,"103,1",False,Laboral,Viernes,343.181,-7.654.225
2024-02-10,URBANA,018_ZW Parque Las Banderas,19,MR76,39,2225472,"139,3",False,Fin de Semana,Sábado,343.181,-7.654.225
2024-02-11,URBANA,018_ZW Parque Las Banderas,19,MR76,63,2671315,"198,8",False,Fin de Semana,Domingo,343.181,-7.654.225
2024-02-12,URBANA,018_ZW Parque Las Banderas,19,MR76,46,684271,"66,1",False,Laboral,Lunes,343.181,-7.654.225
2024-02-13,URBANA,018_ZW Parque Las Banderas,19,MR76,101,2583241,"298,2",False,Laboral,Martes,343.181,-7.654.225
2024-02-14,URBANA,018_ZW Parque Las Banderas,19,MR76,65,554166,"73,4",False,Laboral,Miércoles,343.181,-7.654.225
2024-02-15,URBANA,018_ZW Parque Las Banderas,19,MR76,73,3742,"0,3",False,Laboral,Jueves,343.181,-7.654.225
2024-02-16,URBANA,018_ZW Parque Las Banderas,19,MR76,28,4943,"0,5",False,Laboral,Viernes,343.181,-7.654.225
2024-02-17,URBANA,018_ZW Parque Las Banderas,19,MR76,37,6718,"0,6",False,Fin de Semana,Sábado,343.181,-7.654.225
2024-02-18,URBANA,018_ZW Parque Las Banderas,19,MR76,70,13827,"1,1",False,Fin de Semana,Domingo,343.181,-7.654.225
2024-02-19,URBANA,018_ZW Parque Las Banderas,19,MR76,36,8573,"0,6",False,Laboral,Lunes,343.181,-7.654.225
2024-02-20,URBANA,018_ZW Parque Las Banderas,19,MR76,35,2042,"0,2",False,Laboral,Martes,343.181,-7.654.225
2024-02-21,URBANA,018_ZW Parque Las Banderas,19,MR76,43,2002,"0,2",False,Laboral,Miércoles,343.181,-7.654.225
2024-02-22,URBANA,018_ZW Parque Las Banderas,19,MR76,61,8335,"0,5",False,Laboral,Jueves,343.181,-7.654.225
2024-02-23,URBANA,018_ZW Parque Las Banderas,19,MR76,63,460160,"32,3",False,Laboral,Viernes,343.181,-7.654.225
2024-02-24,URBANA,018_ZW Parque Las Banderas,19,MR76,35,5616,"0,4",False,Fin de Semana,Sábado,343.181,-7.654.225
2024-02-25,URBANA,018_ZW Parque Las Banderas,19,MR76,56,215784,"12,3",False,Fin de Semana,Domingo,343.181,-7.654.225
2024-02-26,URBANA,018_ZW Parque Las Banderas,19,MR76,56,15099,"1,4",False,Laboral,Lunes,343.181,-7.654.225
2024-02-27,URBANA,018_ZW Parque Las Banderas,19,MR76,41,11433,1,False,Laboral,Martes,343.181,-7.654.225
2024-02-28,URBANA,018_ZW Parque Las Banderas,19,MR76,47,18910,"1,1",False,Laboral,Miércoles,343.181,-7.654.225
2024-02-29,URBANA,018_ZW Parque Las Banderas,19,MR76,53,150234,19,False,Laboral,Jueves,343.181,-7.654.225
2024-03-01,URBANA,018_ZW Parque Las Banderas,19,MR76,57,117612,"9,8",False,Laboral,Viernes,343.181,-7.654.225
2024-03-02,URBANA,018_ZW Parque Las Banderas,19,MR76,27,108613,"10,6",False,Fin de Semana,Sábado,343.181,-7.654.225
2024-03-03,URBANA,018_ZW Parque Las Banderas,19,MR76,47,2463617,"176,7",False,Fin de Semana,Domingo,343.181,-7.654.225
2024-03-04,URBANA,018_ZW Parque Las Banderas,19,MR76,40,1245710,"87,6",False,Laboral,Lunes,343.181,-7.654.225
2024-03-05,URBANA,018_ZW Parque Las Banderas,19,MR76,41,257542,"18,7",False,Laboral,Martes,343.181,-7.654.225
2024-03-06,URBANA,018_ZW Parque Las Banderas,19,MR76,46,14079,"1,2",False,Laboral,Miércoles,343.181,-7.654.225
2024-03-07,URBANA,018_ZW Parque Las Banderas,19,MR76,15,37521,"3,5",False,Laboral,Jueves,343.181,-7.654.225
2024-03-08,URBANA,018_ZW Parque Las Banderas,19,MR76,81,2762086,"258,2",False,Laboral,Viernes,343.181,-7.654.225
2024-03-09,URBANA,018_ZW Parque Las Banderas,19,MR76,48,67823,"6,9",False,Fin de Semana,Sábado,343.181,-7.654.225
2024-03-10,URBANA,018_ZW Parque Las Banderas,19,MR76,46,34246,"3,6",False,Fin de Semana,Domingo,343.181,-7.654.225
2024-03-11,URBANA,018_ZW Parque Las Banderas,19,MR76,47,179123,"19,1",False,Laboral,Lunes,343.181,-7.654.225
2024-03-12,URBANA,018_ZW Parque Las Banderas,19,MR76,16,15128,"1,7",False,Laboral,Martes,343.181,-7.654.225
2024-03-13,URBANA,018_ZW Parque Las Banderas,19,MR76,37,885229,"119,6",False,Laboral,Miércoles,343.181,-7.654.225
2024-03-14,URBANA,018_ZW Parque Las Banderas,19,MR76,40,1342389,"138,4",False,Laboral,Jueves,343.181,-7.654.225
2024-03-15,URBANA,018_ZW Parque Las Banderas,19,MR76,47,449664,"34,5",False,Laboral,Viernes,343.181,-7.654.225
2024-03-16,URBANA,018_ZW Parque Las Banderas,19,MR76,33,473843,"41,9",False,Fin de Semana,Sábado,343.181,-7.654.225
2024-03-17,URBANA,018_ZW Parque Las Banderas,19,MR76,50,108237,"8,4",False,Fin de Semana,Domingo,343.181,-7.654.225
2024-03-18,URBANA,018_ZW Parque Las Banderas,19,MR76,34,453538,"37,8",False,Laboral,Lunes,343.181,-7.654.225
2024-03-19,URBANA,018_ZW Parque Las Banderas,19,MR76,32,287626,"38,2",False,Laboral,Martes,343.181,-7.654.225
2024-03-20,URBANA,018_ZW Parque Las Banderas,19,MR76,32,751353,"114,6",False,Laboral,Miércoles,343.181,-7.654.225
2024-03-21,URBANA,018_ZW Parque Las Banderas,19,MR76,51,1044352,"119,6",False,Laboral,Jueves,343.181,-7.654.225
2024-03-22,URBANA,018_ZW Parque Las Banderas,19,MR76,32,46879,"4,8",False,Laboral,Viernes,343.181,-7.654.225
2024-03-23,URBANA,018_ZW Parque Las Banderas,19,MR76,32,2267598,"290,6",False,Fin de Semana,Sábado,343.181,-7.654.225
2024-03-24,URBANA,018_ZW Parque Las Banderas,19,MR76,37,10172424,"1118,4",True,Festivo,Domingo,343.181,-7.654.225
2024-03-25,URBANA,018_ZW Parque Las Banderas,19,MR76,24,707788,"100,9",True,Festivo,Lunes,343.181,-7.654.225
2024-03-26,URBANA,018_ZW Parque Las Banderas,19,MR76,28,167418,"21,5",False,Laboral,Martes,343.181,-7.654.225
2024-03-27,URBANA,018_ZW Parque Las Banderas,19,MR76,42,174770,"21,6",False,Laboral,Miércoles,343.181,-7.654.225
2024-03-28,URBANA,018_ZW Parque Las Banderas,19,MR76,25,4253,"0,7",True,Festivo,Jueves,343.181,-7.654.225
2024-03-29,URBANA,018_ZW Parque Las Banderas,19,MR76,53,1505654,"151,9",True,Festivo,Viernes,343.181,-7.654.225
2024-03-30,URBANA,018_ZW Parque Las Banderas,19,MR76,36,152471,"24,4",False,Fin de Semana,Sábado,343.181,-7.654.225
2024-03-31,URBANA,018_ZW Parque Las Banderas,19,MR76,37,1817867,"238,7",True,Festivo,Domingo,343.181,-7.654.225
2024-04-01,URBANA,018_ZW Parque Las Banderas,19,MR76,55,102092,"9,7",False,Laboral,Lunes,343.181,-7.654.225
2024-04-02,URBANA,018_ZW Parque Las Banderas,19,MR76,65,1078683,"153,3",False,Laboral,Martes,343.181,-7.654.225
2024-04-03,URBANA,018_ZW Parque Las Banderas,19,MR76,50,1444249,"160,3",False,Laboral,Miércoles,343.181,-7.654.225
2024-04-04,URBANA,018_ZW Parque Las Banderas,19,MR76,57,2560132,"222,7",False,Laboral,Jueves,343.181,-7.654.225
2024-04-05,URBANA,018_ZW Parque Las Banderas,19,MR76,47,282432,"25,1",False,Laboral,Viernes,343.181,-7.654.225
2024-04-06,URBANA,018_ZW Parque Las Banderas,19,MR76,52,769888,64,False,Fin de Semana,Sábado,343.181,-7.654.225
2024-04-07,URBANA,018_ZW Parque Las Banderas,19,MR76,96,12222,1,False,Fin de Semana,Domingo,343.181,-7.654.225
2024-04-08,URBANA,018_ZW Parque Las Banderas,19,MR76,42,2992,"0,4",False,Laboral,Lunes,343.181,-7.654.225
2024-04-09,URBANA,018_ZW Parque Las Banderas,19,MR76,65,13295,"1,7",False,Laboral,Martes,343.181,-7.654.225
2024-04-10,URBANA,018_ZW Parque Las Banderas,19,MR76,47,331238,"77,9",False,Laboral,Miércoles,343.181,-7.654.225
2024-04-11,URBANA,018_ZW Parque Las Banderas,19,MR76,39,15790,"3,6",False,Laboral,Jueves,343.181,-7.654.225
2024-04-12,URBANA,018_ZW Parque Las Banderas,19,MR76,44,1121592,"165,2",False,Laboral,Viernes,343.181,-7.654.225
2024-04-13,URBANA,018_ZW Parque Las Banderas,19,MR76,46,8172,1,False,Fin de Semana,Sábado,343.181,-7.654.225
2024-04-14,URBANA,018_ZW Parque Las Banderas,19,MR76,35,55808,"8,1",False,Fin de Semana,Domingo,343.181,-7.654.225
2024-04-15,URBANA,018_ZW Parque Las Banderas,19,MR76,32,31442,"7,9",False,Laboral,Lunes,343.181,-7.654.225
2024-04-16,URBANA,018_ZW Parque Las Banderas,19,MR76,60,243808,"57,4",False,Laboral,Martes,343.181,-7.654.225
2024-04-17,URBANA,018_ZW Parque Las Banderas,19,MR76,75,3977,"1,1",False,Laboral,Miércoles,343.181,-7.654.225
2024-04-18,URBANA,018_ZW Parque Las Banderas,19,MR76,56,212285,"72,9",False,Laboral,Jueves,343.181,-7.654.225
2024-04-19,URBANA,018_ZW Parque Las Banderas,19,MR76,37,4161,1,False,Laboral,Viernes,343.181,-7.654.225
2024-04-20,URBANA,018_ZW Parque Las Banderas,19,MR76,33,243250,"31,1",False,Fin de Semana,Sábado,343.181,-7.654.225
2024-04-21,URBANA,018_ZW Parque Las Banderas,19,MR76,47,936618,"151,4",False,Fin de Semana,Domingo,343.181,-7.654.225
2024-04-22,URBANA,018_ZW Parque Las Banderas,19,MR76,35,74638,16,False,Laboral,Lunes,343.181,-7.654.225
2024-04-23,URBANA,018_ZW Parque Las Banderas,19,MR76,58,776280,"42,3",False,Laboral,Martes,343.181,-7.654.225
2024-04-24,URBANA,018_ZW Parque Las Banderas,19,MR76,52,300627,"16,4",False,Laboral,Miércoles,343.181,-7.654.225
2024-04-25,URBANA,018_ZW Parque Las Banderas,19,MR76,33,55223,"4,7",False,Laboral,Jueves,343.181,-7.654.225
2024-04-26,URBANA,018_ZW Parque Las Banderas,19,MR76,37,1419870,"141,7",False,Laboral,Viernes,343.181,-7.654.225
2024-04-27,URBANA,018_ZW Parque Las Banderas,19,MR76,33,3118675,"255,6",False,Fin de Semana,Sábado,343.181,-7.654.225
2024-04-28,URBANA,018_ZW Parque Las Banderas,19,MR76,40,352115,"47,7",False,Fin de Semana,Domingo,343.181,-7.654.225
2024-04-29,URBANA,018_ZW Parque Las Banderas,19,MR76,61,4628,"0,6",False,Laboral,Lunes,343.181,-7.654.225
2024-04-30,URBANA,018_ZW Parque Las Banderas,19,MR76,34,144664,23,False,Laboral,Martes,343.181,-7.654.225
2024-05-01,URBANA,018_ZW Parque Las Banderas,19,MR76,47,16924,"3,2",True,Festivo,Miércoles,343.181,-7.654.225
2024-05-02,URBANA,018_ZW Parque Las Banderas,19,MR76,55,8439,"1,6",False,Laboral,Jueves,343.181,-7.654.225
2024-05-03,URBANA,018_ZW Parque Las Banderas,19,MR76,38,710693,"155,1",False,Laboral,Viernes,343.181,-7.654.225
2024-05-04,URBANA,018_ZW Parque Las Banderas,19,MR76,50,4584342,635,False,Fin de Semana,Sábado,343.181,-7.654.225
2024-05-05,URBANA,018_ZW Parque Las Banderas,19,MR76,61,431897,"70,1",False,Fin de Semana,Domingo,343.181,-7.654.225
2024-05-06,URBANA,018_ZW Parque Las Banderas,19,MR76,52,1152194,"241,1",False,Laboral,Lunes,343.181,-7.654.225
2024-05-07,URBANA,018_ZW Parque Las Banderas,19,MR76,43,317107,"52,3",False,Laboral,Martes,343.181,-7.654.225
2024-05-08,URBANA,018_ZW Parque Las Banderas,19,MR76,43,380315,48,False,Laboral,Miércoles,343.181,-7.654.225
2024-05-09,URBANA,018_ZW Parque Las Banderas,19,MR76,8,8138,"0,9",False,Laboral,Jueves,343.181,-7.654.225
2024-05-10,URBANA,018_ZW Parque Las Banderas,19,MR76,32,34174,"4,3",False,Laboral,Viernes,343.181,-7.654.225
2024-05-11,URBANA,018_ZW Parque Las Banderas,19,MR76,35,428052,"57,4",False,Fin de Semana,Sábado,343.181,-7.654.225
2024-05-12,URBANA,018_ZW Parque Las Banderas,19,MR76,46,473317,"114,7",False,Fin de Semana,Domingo,343.181,-7.654.225
2024-05-13,URBANA,018_ZW Parque Las Banderas,19,MR76,29,1546933,"276,5",True,Festivo,Lunes,343.181,-7.654.225
2024-05-14,URBANA,018_ZW Parque Las Banderas,19,MR76,40,1008642,"465,2",False,Laboral,Martes,343.181,-7.654.225
2024-05-15,URBANA,018_ZW Parque Las Banderas,19,MR76,31,422652,"68,4",False,Laboral,Miércoles,343.181,-7.654.225
2024-05-16,URBANA,018_ZW Parque Las Banderas,19,MR76,40,144585,"17,7",False,Laboral,Jueves,343.181,-7.654.225
2024-05-17,URBANA,018_ZW Parque Las Banderas,19,MR76,57,197499,19,False,Laboral,Viernes,343.181,-7.654.225
2024-05-18,URBANA,018_ZW Parque Las Banderas,19,MR76,41,14807,"1,3",False,Fin de Semana,Sábado,343.181,-7.654.225
2024-05-19,URBANA,018_ZW Parque Las Banderas,19,MR76,49,192013,"16,4",False,Fin de Semana,Domingo,343.181,-7.654.225
2024-05-20,URBANA,018_ZW Parque Las Banderas,19,MR76,48,5923,"0,8",False,Laboral,Lunes,343.181,-7.654.225
2024-05-21,URBANA,018_ZW Parque Las Banderas,19,MR76,47,3979,"0,5",False,Laboral,Martes,343.181,-7.654.225
2024-05-22,URBANA,018_ZW Parque Las Banderas,19,MR76,33,33361,13,False,Laboral,Miércoles,343.181,-7.654.225
2024-05-23,URBANA,018_ZW Parque Las Banderas,19,MR76,37,356967,"67,2",False,Laboral,Jueves,343.181,-7.654.225
2024-05-24,URBANA,018_ZW Parque Las Banderas,19,MR76,31,54130,"11,5",False,Laboral,Viernes,343.181,-7.654.225
2024-05-25,URBANA,018_ZW Parque Las Banderas,19,MR76,36,489153,"68,7",False,Fin de Semana,Sábado,343.181,-7.654.225
2024-05-26,URBANA,018_ZW Parque Las Banderas,19,MR76,39,2426476,"351,2",False,Fin de Semana,Domingo,343.181,-7.654.225
2024-05-27,URBANA,018_ZW Parque Las Banderas,19,MR76,35,736933,"86,7",False,Laboral,Lunes,343.181,-7.654.225
2024-05-28,URBANA,018_ZW Parque Las Banderas,19,MR76,48,449319,"60,3",False,Laboral,Martes,343.181,-7.654.225
2024-05-29,URBANA,018_ZW Parque Las Banderas,19,MR76,18,33089,"6,6",False,Laboral,Miércoles,343.181,-7.654.225
2024-05-30,URBANA,018_ZW Parque Las Banderas,19,MR76,42,131221,11,False,Laboral,Jueves,343.181,-7.654.225
2024-05-31,URBANA,018_ZW Parque Las Banderas,19,MR76,35,346275,"37,2",False,Laboral,Viernes,343.181,-7.654.225
2024-06-01,URBANA,018_ZW Parque Las Banderas,19,MR76,39,895078,"89,4",False,Fin de Semana,Sábado,343.181,-7.654.225
2024-06-02,URBANA,018_ZW Parque Las Banderas,19,MR76,54,2754537,281,False,Fin de Semana,Domingo,343.181,-7.654.225
2024-06-03,URBANA,018_ZW Parque Las Banderas,19,MR76,35,491800,71,True,Festivo,Lunes,343.181,-7.654.225
2024-06-04,URBANA,018_ZW Parque Las Banderas,19,MR76,52,1074229,"236,3",False,Laboral,Martes,343.181,-7.654.225
2024-06-05,URBANA,018_ZW Parque Las Banderas,19,MR76,50,2474541,"866,3",False,Laboral,Miércoles,343.181,-7.654.225
2024-06-06,URBANA,018_ZW Parque Las Banderas,19,MR76,58,27898,"4,6",False,Laboral,Jueves,343.181,-7.654.225
2024-06-07,URBANA,018_ZW Parque Las Banderas,19,MR76,52,71841,"14,9",False,Laboral,Viernes,343.181,-7.654.225
2024-06-08,URBANA,018_ZW Parque Las Banderas,19,MR76,33,85153,27,False,Fin de Semana,Sábado,343.181,-7.654.225
2024-06-09,URBANA,018_ZW Parque Las Banderas,19,MR76,74,148795,51,False,Fin de Semana,Domingo,343.181,-7.654.225
2024-06-10,URBANA,018_ZW Parque Las Banderas,19,MR76,52,18079,"3,3",True,Festivo,Lunes,343.181,-7.654.225
2024-06-11,URBANA,018_ZW Parque Las Banderas,19,MR76,62,2024,"0,3",False,Laboral,Martes,343.181,-7.654.225
2024-06-12,URBANA,018_ZW Parque Las Banderas,19,MR76,46,2096,"0,3",False,Laboral,Miércoles,343.181,-7.654.225
2024-06-13,URBANA,018_ZW Parque Las Banderas,19,MR76,52,312488,6083809400,False,Laboral,Jueves,343.181,-7.654.225
2024-06-14,URBANA,018_ZW Parque Las Banderas,19,MR76,41,1768087,53141662900,False,Laboral,Viernes,343.181,-7.654.225
2024-06-15,URBANA,018_ZW Parque Las Banderas,19,MR76,30,38231,68587400,False,Fin de Semana,Sábado,343.181,-7.654.225
2024-06-16,URBANA,018_ZW Parque Las Banderas,19,MR76,54,826787,14825864200,False,Fin de Semana,Domingo,343.181,-7.654.225
2024-06-17,URBANA,018_ZW Parque Las Banderas,19,MR76,34,238000,"38,1",False,Laboral,Lunes,343.181,-7.654.225
2024-06-18,URBANA,018_ZW Parque Las Banderas,19,MR76,34,359767,"56,8",False,Laboral,Martes,343.181,-7.654.225
2024-06-19,URBANA,018_ZW Parque Las Banderas,19,MR76,34,317497,45,False,Laboral,Miércoles,343.181,-7.654.225
2024-06-20,URBANA,018_ZW Parque Las Banderas,19,MR76,64,260212,"52,1",False,Laboral,Jueves,343.181,-7.654.225
2024-06-21,URBANA,018_ZW Parque Las Banderas,19,MR76,65,211526,"36,3",False,Laboral,Viernes,343.181,-7.654.225
2024-06-22,URBANA,018_ZW Parque Las Banderas,19,MR76,199,317425,"60,1",False,Fin de Semana,Sábado,343.181,-7.654.225
2024-06-23,URBANA,018_ZW Parque Las Banderas,19,MR76,183,40259,"15,8",False,Fin de Semana,Domingo,343.181,-7.654.225
2024-06-24,URBANA,018_ZW Parque Las Banderas,19,MR76,55,242571,"46,5",False,Laboral,Lunes,343.181,-7.654.225
2024-06-25,URBANA,018_ZW Parque Las Banderas,19,MR76,86,5528,"1,4",False,Laboral,Martes,343.181,-7.654.225
2024-06-26,URBANA,018_ZW Parque Las Banderas,19,MR76,101,71120,"18,4",False,Laboral,Miércoles,343.181,-7.654.225
2024-06-27,URBANA,018_ZW Parque Las Banderas,19,MR76,78,4656,"1,4",False,Laboral,Jueves,343.181,-7.654.225
2024-06-28,URBANA,018_ZW Parque Las Banderas,19,MR76,40,92563,"15,9",False,Laboral,Viernes,343.181,-7.654.225
2024-06-29,URBANA,018_ZW Parque Las Banderas,19,MR76,46,464431,"78,8",False,Fin de Semana,Sábado,343.181,-7.654.225
2024-06-30,URBANA,018_ZW Parque Las Banderas,19,MR76,83,118179,"25,4",False,Fin de Semana,Domingo,343.181,-7.654.225
2024-07-01,URBANA,018_ZW Parque Las Banderas,19,MR76,77,154634,"21,48",True,Festivo,Lunes,343.181,-7.654.225
2024-07-02,URBANA,018_ZW Parque Las Banderas,19,MR76,80,12320,"1,33",False,Laboral,Martes,343.181,-7.654.225
2024-07-03,URBANA,018_ZW Parque Las Banderas,19,MR76,75,6847,"0,81",False,Laboral,Miércoles,343.181,-7.654.225
2024-07-04,URBANA,018_ZW Parque Las Banderas,19,MR76,42,85297,"10,75",False,Laboral,Jueves,343.181,-7.654.225
2024-07-05,URBANA,018_ZW Parque Las Banderas,19,MR76,49,1726,"0,2",False,Laboral,Viernes,343.181,-7.654.225
2024-07-06,URBANA,018_ZW Parque Las Banderas,19,MR76,84,29350,"3,49",False,Fin de Semana,Sábado,343.181,-7.654.225
2024-07-07,URBANA,018_ZW Parque Las Banderas,19,MR76,91,64984,"7,37",False,Fin de Semana,Domingo,343.181,-7.654.225
2024-07-08,URBANA,018_ZW Parque Las Banderas,19,MR76,64,7333,"1,32",False,Laboral,Lunes,343.181,-7.654.225
2024-07-09,URBANA,018_ZW Parque Las Banderas,19,MR76,47,199415,"34,34",False,Laboral,Martes,343.181,-7.654.225
2024-07-10,URBANA,018_ZW Parque Las Banderas,19,MR76,97,5194,"0,75",False,Laboral,Miércoles,343.181,-7.654.225
2024-07-11,URBANA,018_ZW Parque Las Banderas,19,MR76,115,82964,"11,24",False,Laboral,Jueves,343.181,-7.654.225
2024-07-12,URBANA,018_ZW Parque Las Banderas,19,MR76,108,93268,"14,71",False,Laboral,Viernes,343.181,-7.654.225
2024-07-13,URBANA,018_ZW Parque Las Banderas,19,MR76,81,22298,"3,17",False,Fin de Semana,Sábado,343.181,-7.654.225
2024-07-14,URBANA,018_ZW Parque Las Banderas,19,MR76,46,466905,"73,42",False,Fin de Semana,Domingo,343.181,-7.654.225
2024-07-15,URBANA,018_ZW Parque Las Banderas,19,MR76,90,14546,"2,6",False,Laboral,Lunes,343.181,-7.654.225
2024-07-16,URBANA,018_ZW Parque Las Banderas,19,MR76,119,6589,"1,05",False,Laboral,Martes,343.181,-7.654.225
2024-07-17,URBANA,018_ZW Parque Las Banderas,19,MR76,90,3989,"0,88",False,Laboral,Miércoles,343.181,-7.654.225
2024-07-18,URBANA,018_ZW Parque Las Banderas,19,MR76,107,7966,"1,34",False,Laboral,Jueves,343.181,-7.654.225
2024-07-19,URBANA,018_ZW Parque Las Banderas,19,MR76,57,211044,"29,41",False,Laboral,Viernes,343.181,-7.654.225
2024-07-20,URBANA,018_ZW Parque Las Banderas,19,MR76,75,1154691,"148,26",True,Festivo,Sábado,343.181,-7.654.225
2024-07-21,URBANA,018_ZW Parque Las Banderas,19,MR76,86,4273715,"652,87",False,Fin de Semana,Domingo,343.181,-7.654.225
2024-07-22,URBANA,018_ZW Parque Las Banderas,19,MR76,89,932258,"134,14",False,Laboral,Lunes,343.181,-7.654.225
2024-07-23,URBANA,018_ZW Parque Las Banderas,19,MR76,91,1226522,"177,06",False,Laboral,Martes,343.181,-7.654.225
2024-07-24,URBANA,018_ZW Parque Las Banderas,19,MR76,90,2673,"0,42",False,Laboral,Miércoles,343.181,-7.654.225
2024-07-25,URBANA,018_ZW Parque Las Banderas,19,MR76,99,7361,"1,16",False,Laboral,Jueves,343.181,-7.654.225
2024-07-26,URBANA,018_ZW Parque Las Banderas,19,MR76,100,71607,"9,43",False,Laboral,Viernes,343.181,-7.654.225
2024-07-27,URBANA,018_ZW Parque Las Banderas,19,MR76,92,269299,"46,06",False,Fin de Semana,Sábado,343.181,-7.654.225
2024-07-28,URBANA,018_ZW Parque Las Banderas,19,MR76,104,468979,"99,24",False,Fin de Semana,Domingo,343.181,-7.654.225
2024-07-29,URBANA,018_ZW Parque Las Banderas,19,MR76,87,235815,"37,81",False,Laboral,Lunes,343.181,-7.654.225
2024-07-30,URBANA,018_ZW Parque Las Banderas,19,MR76,125,87104,"12,73",False,Laboral,Martes,343.181,-7.654.225
2024-07-31,URBANA,018_ZW Parque Las Banderas,19,MR76,127,40911,"6,8",False,Laboral,Miércoles,343.181,-7.654.225
2024-08-01,URBANA,018_ZW Parque Las Banderas,19,MR76,120,15842,"2,36",False,Laboral,Jueves,343.181,-7.654.225
2024-08-02,URBANA,018_ZW Parque Las Banderas,19,MR76,134,178825,"29,75",False,Laboral,Viernes,343.181,-7.654.225
2024-08-03,URBANA,018_ZW Parque Las Banderas,19,MR76,69,1092362,"222,57",False,Fin de Semana,Sábado,343.181,-7.654.225
2024-08-04,URBANA,018_ZW Parque Las Banderas,19,MR76,139,10336,"1,65",False,Fin de Semana,Domingo,343.181,-7.654.225
2024-08-05,URBANA,018_ZW Parque Las Banderas,19,MR76,103,16214,"2,34",False,Laboral,Lunes,343.181,-7.654.225
2024-08-06,URBANA,018_ZW Parque Las Banderas,19,MR76,87,2236,"0,22",False,Laboral,Martes,343.181,-7.654.225
2024-08-07,URBANA,018_ZW Parque Las Banderas,19,MR76,81,60537,"7,2",True,Festivo,Miércoles,343.181,-7.654.225
2024-08-08,URBANA,018_ZW Parque Las Banderas,19,MR76,49,102141,"12,81",False,Laboral,Jueves,343.181,-7.654.225
2024-08-09,URBANA,018_ZW Parque Las Banderas,19,MR76,85,20757,"3,83",False,Laboral,Viernes,343.181,-7.654.225
2024-08-10,URBANA,018_ZW Parque Las Banderas,19,MR76,64,12751,"2,41",False,Fin de Semana,Sábado,343.181,-7.654.225
2024-08-11,URBANA,018_ZW Parque Las Banderas,19,MR76,90,19021,"3,3",False,Fin de Semana,Domingo,343.181,-7.654.225
2024-08-12,URBANA,018_ZW Parque Las Banderas,19,MR76,44,52096,"11,17",False,Laboral,Lunes,343.181,-7.654.225
2024-08-13,URBANA,018_ZW Parque Las Banderas,19,MR76,28,88180,"9,98",False,Laboral,Martes,343.181,-7.654.225
2024-08-14,URBANA,018_ZW Parque Las Banderas,19,MR76,109,7123,"0,95",False,Laboral,Miércoles,343.181,-7.654.225
2024-08-15,URBANA,018_ZW Parque Las Banderas,19,MR76,89,6426,"0,96",False,Laboral,Jueves,343.181,-7.654.225
2024-08-16,URBANA,018_ZW Parque Las Banderas,19,MR76,105,7803,"1,06",False,Laboral,Viernes,343.181,-7.654.225
2024-08-17,URBANA,018_ZW Parque Las Banderas,19,MR76,14,1594,"0,23",False,Fin de Semana,Sábado,343.181,-7.654.225
2024-08-18,URBANA,018_ZW Parque Las Banderas,19,MR76,15,53400,"8,08",False,Fin de Semana,Domingo,343.181,-7.654.225
2024-08-19,URBANA,018_ZW Parque Las Banderas,19,MR76,80,298899,"41,03",True,Festivo,Lunes,343.181,-7.654.225
2024-08-20,URBANA,018_ZW Parque Las Banderas,19,MR76,81,3401,"0,84",False,Laboral,Martes,343.181,-7.654.225
2024-08-21,URBANA,018_ZW Parque Las Banderas,19,MR76,67,5455,"1,59",False,Laboral,Miércoles,343.181,-7.654.225
2024-08-22,URBANA,018_ZW Parque Las Banderas,19,MR76,69,27951,"7,44",False,Laboral,Jueves,343.181,-7.654.225
2024-08-23,URBANA,018_ZW Parque Las Banderas,19,MR76,10,1756,"0,72",False,Laboral,Viernes,343.181,-7.654.225
2024-08-24,URBANA,018_ZW Parque Las Banderas,19,MR76,74,5903,4,False,Fin de Semana,Sábado,343.181,-7.654.225
2024-08-25,URBANA,018_ZW Parque Las Banderas,19,MR76,99,522632,"500,04",False,Fin de Semana,Domingo,343.181,-7.654.225
2024-08-26,URBANA,018_ZW Parque Las Banderas,19,MR76,101,19295,"25,78",False,Laboral,Lunes,343.181,-7.654.225
2024-08-27,URBANA,018_ZW Parque Las Banderas,19,MR76,82,1271643,"1364,9",False,Laboral,Martes,343.181,-7.654.225
2024-08-28,URBANA,018_ZW Parque Las Banderas,19,MR76,89,1681024,"2982,5",False,Laboral,Miércoles,343.181,-7.654.225
2024-08-29,URBANA,018_ZW Parque Las Banderas,19,MR76,143,32114,"91,74",False,Laboral,Jueves,343.181,-7.654.225
2024-08-30,URBANA,018_ZW Parque Las Banderas,19,MR76,155,105942,"255,18",False,Laboral,Viernes,343.181,-7.654.225
2024-08-31,URBANA,018_ZW Parque Las Banderas,19,MR76,101,4824,"6,89",False,Fin de Semana,Sábado,343.181,-7.654.225
2024-09-01,URBANA,018_ZW Parque Las Banderas,19,MR76,106,9399,"21,75",False,Fin de Semana,Domingo,343.181,-7.654.225
2024-09-02,URBANA,018_ZW Parque Las Banderas,19,MR76,51,14462,"28,51",False,Laboral,Lunes,343.181,-7.654.225
2024-09-03,URBANA,018_ZW Parque Las Banderas,19,MR76,139,3512,"19,24",False,Laboral,Martes,343.181,-7.654.225
2024-09-04,URBANA,018_ZW Parque Las Banderas,19,MR76,47,1643,"225,33",False,Laboral,Miércoles,343.181,-7.654.225
2024-10-25,URBANA,018_ZW Parque Las Banderas,19,MR76,75,814020,"181,84",False,Laboral,Viernes,343.181,-7.654.225
2024-10-26,URBANA,018_ZW Parque Las Banderas,19,MR76,19,174670,"22,62",False,Fin de Semana,Sábado,343.181,-7.654.225
2024-10-27,URBANA,018_ZW Parque Las Banderas,19,MR76,66,199387,"20,03",False,Fin de Semana,Domingo,343.181,-7.654.225
2024-10-28,URBANA,018_ZW Parque Las Banderas,19,MR76,40,959852,"159,39",False,Laboral,Lunes,343.181,-7.654.225
2024-10-29,URBANA,018_ZW Parque Las Banderas,19,MR76,46,10400,"1,64",False,Laboral,Martes,343.181,-7.654.225
2024-10-30,URBANA,018_ZW Parque Las Banderas,19,MR76,41,19446,"3,97",False,Laboral,Miércoles,343.181,-7.654.225
2024-10-31,URBANA,018_ZW Parque Las Banderas,19,MR76,43,1622,"0,35",False,Laboral,Jueves,343.181,-7.654.225
2024-11-01,URBANA,018_ZW Parque Las Banderas,19,MR76,61,4156,"0,75",False,Laboral,Viernes,343.181,-7.654.225
2024-11-02,URBANA,018_ZW Parque Las Banderas,19,MR76,40,838637,"134,97",False,Fin de Semana,Sábado,343.181,-7.654.225
2024-11-03,URBANA,018_ZW Parque Las Banderas,19,MR76,50,3950689,"671,59",False,Fin de Semana,Domingo,343.181,-7.654.225
2024-11-04,URBANA,018_ZW Parque Las Banderas,19,MR76,1,2,0,True,Festivo,Lunes,343.181,-7.654.225
2024-11-05,URBANA,018_ZW Parque Las Banderas,19,MR76,49,1065755,"145,95",False,Laboral,Martes,343.181,-7.654.225
2024-11-06,URBANA,018_ZW Parque Las Banderas,19,MR76,31,429698,"68,62",False,Laboral,Miércoles,343.181,-7.654.225
2024-11-07,URBANA,018_ZW Parque Las Banderas,19,MR76,60,730243,"82,11",False,Laboral,Jueves,343.181,-7.654.225
2024-11-08,URBANA,018_ZW Parque Las Banderas,19,MR76,4,2895,"0,23",False,Laboral,Viernes,343.181,-7.654.225
2024-11-09,URBANA,018_ZW Parque Las Banderas,19,MR76,6,1203,"0,07",False,Fin de Semana,Sábado,343.181,-7.654.225
2024-11-10,URBANA,018_ZW Parque Las Banderas,19,MR76,74,1151244,"59,43",False,Fin de Semana,Domingo,343.181,-7.654.225
2024-11-11,URBANA,018_ZW Parque Las Banderas,19,MR76,50,426536,"24,29",True,Festivo,Lunes,343.181,-7.654.225
2024-11-12,URBANA,018_ZW Parque Las Banderas,19,MR76,64,386184,"20,2",False,Laboral,Martes,343.181,-7.654.225
2024-11-13,URBANA,018_ZW Parque Las Banderas,19,MR76,60,398937,"24,62",False,Laboral,Miércoles,343.181,-7.654.225
2024-11-14,URBANA,018_ZW Parque Las Banderas,19,MR76,48,85560,"4,46",False,Laboral,Jueves,343.181,-7.654.225
2024-11-15,URBANA,018_ZW Parque Las Banderas,19,MR76,15,6563,"0,36",False,Laboral,Viernes,343.181,-7.654.225
2024-11-16,URBANA,018_ZW Parque Las Banderas,19,MR76,58,466183,"25,32",False,Fin de Semana,Sábado,343.181,-7.654.225
2024-11-17,URBANA,018_ZW Parque Las Banderas,19,MR76,81,1979746,"115,24",False,Fin de Semana,Domingo,343.181,-7.654.225
2024-11-18,URBANA,018_ZW Parque Las Banderas,19,MR76,50,444901,"27,68",False,Laboral,Lunes,343.181,-7.654.225
2024-11-19,URBANA,018_ZW Parque Las Banderas,19,MR76,58,116327,"7,28",False,Laboral,Martes,343.181,-7.654.225
2024-11-20,URBANA,018_ZW Parque Las Banderas,19,MR76,36,57139,"2,99",False,Laboral,Miércoles,343.181,-7.654.225
2024-11-21,URBANA,018_ZW Parque Las Banderas,19,MR76,80,2381383,"131,89",False,Laboral,Jueves,343.181,-7.654.225
2024-11-22,URBANA,018_ZW Parque Las Banderas,19,MR76,110,1127441,"55,85",False,Laboral,Viernes,343.181,-7.654.225
2024-11-23,URBANA,018_ZW Parque Las Banderas,19,MR76,63,351735,"18,35",False,Fin de Semana,Sábado,343.181,-7.654.225
2024-11-24,URBANA,018_ZW Parque Las Banderas,19,MR76,68,381639,"51,55",False,Fin de Semana,Domingo,343.181,-7.654.225
2024-11-25,URBANA,018_ZW Parque Las Banderas,19,MR76,6,17933,"4,36",False,Laboral,Lunes,343.181,-7.654.225
2024-11-26,URBANA,018_ZW Parque Las Banderas,19,MR76,61,33234,"4,22",False,Laboral,Martes,343.181,-7.654.225
2024-11-27,URBANA,018_ZW Parque Las Banderas,19,MR76,64,321495,"16,55",False,Laboral,Miércoles,343.181,-7.654.225
2024-11-28,URBANA,018_ZW Parque Las Banderas,19,MR76,74,1152982,"54,76",False,Laboral,Jueves,343.181,-7.654.225
2024-11-29,URBANA,018_ZW Parque Las Banderas,19,MR76,70,3224670,"145,1",False,Laboral,Viernes,343.181,-7.654.225
2024-11-30,URBANA,018_ZW Parque Las Banderas,19,MR76,50,336760,"14,77",False,Fin de Semana,Sábado,343.181,-7.654.225
2024-12-01,URBANA,018_ZW Parque Las Banderas,19,MR76,83,931192,"38,53",False,Fin de Semana,Domingo,343.181,-7.654.225
2024-12-02,URBANA,018_ZW Parque Las Banderas,19,MR76,59,438901,"21,03",False,Laboral,Lunes,343.181,-7.654.225
2024-12-03,URBANA,018_ZW Parque Las Banderas,19,MR76,90,488532,"26,17",False,Laboral,Martes,343.181,-7.654.225
2024-12-04,URBANA,018_ZW Parque Las Banderas,19,MR76,81,826343,"35,78",False,Laboral,Miércoles,343.181,-7.654.225
2024-12-05,URBANA,018_ZW Parque Las Banderas,19,MR76,74,309283,"13,48",False,Laboral,Jueves,343.181,-7.654.225
2024-12-06,URBANA,018_ZW Parque Las Banderas,19,MR76,64,358654,"15,95",False,Laboral,Viernes,343.181,-7.654.225
2024-12-07,URBANA,018_ZW Parque Las Banderas,19,MR76,58,324544,"15,82",False,Fin de Semana,Sábado,343.181,-7.654.225
2024-12-08,URBANA,018_ZW Parque Las Banderas,19,MR76,63,5315362,"200,16",True,Festivo,Domingo,343.181,-7.654.225
2024-12-09,URBANA,018_ZW Parque Las Banderas,19,MR76,71,1088285,"40,35",False,Laboral,Lunes,343.181,-7.654.225
2024-12-10,URBANA,018_ZW Parque Las Banderas,19,MR76,60,377407,"12,46",False,Laboral,Martes,343.181,-7.654.225
2024-12-11,URBANA,018_ZW Parque Las Banderas,19,MR76,86,1503996,"49,88",False,Laboral,Miércoles,343.181,-7.654.225
2024-12-12,URBANA,018_ZW Parque Las Banderas,19,MR76,84,358981,"10,46",False,Laboral,Jueves,343.181,-7.654.225
2024-12-13,URBANA,018_ZW Parque Las Banderas,19,MR76,83,346131,"10,2",False,Laboral,Viernes,343.181,-7.654.225
2024-12-14,URBANA,018_ZW Parque Las Banderas,19,MR76,57,249217,"8,2",False,Fin de Semana,Sábado,343.181,-7.654.225
2024-12-15,URBANA,018_ZW Parque Las Banderas,19,MR76,97,793700,"26,79",False,Fin de Semana,Domingo,343.181,-7.654.225
2024-12-16,URBANA,018_ZW Parque Las Banderas,19,MR76,55,104901,"3,15",False,Laboral,Lunes,343.181,-7.654.225
2024-12-17,URBANA,018_ZW Parque Las Banderas,19,MR76,51,55266,"1,8",False,Laboral,Martes,343.181,-7.654.225
2024-12-18,URBANA,018_ZW Parque Las Banderas,19,MR76,51,668944,"21,2",False,Laboral,Miércoles,343.181,-7.654.225
2024-12-19,URBANA,018_ZW Parque Las Banderas,19,MR76,50,361894,"12,7",False,Laboral,Jueves,343.181,-7.654.225
2024-12-20,URBANA,018_ZW Parque Las Banderas,19,MR76,64,708646,"23,4",False,Laboral,Viernes,343.181,-7.654.225
2024-12-21,URBANA,018_ZW Parque Las Banderas,19,MR76,98,943817,"36,2",False,Fin de Semana,Sábado,343.181,-7.654.225
2024-12-22,URBANA,018_ZW Parque Las Banderas,19,MR76,74,596724,"18,6",False,Fin de Semana,Domingo,343.181,-7.654.225
2024-12-23,URBANA,018_ZW Parque Las Banderas,19,MR76,63,550573,22,False,Laboral,Lunes,343.181,-7.654.225
2024-12-24,URBANA,018_ZW Parque Las Banderas,19,MR76,12,42425,"1,77",False,Laboral,Martes,343.181,-7.654.225
2024-12-25,URBANA,018_ZW Parque Las Banderas,19,MR76,42,496061,"17,6",True,Festivo,Miércoles,343.181,-7.654.225
2024-12-26,URBANA,018_ZW Parque Las Banderas,19,MR76,48,705619,"25,8",False,Laboral,Jueves,343.181,-7.654.225
2024-12-27,URBANA,018_ZW Parque Las Banderas,19,MR76,60,1377410,"42,2",False,Laboral,Viernes,343.181,-7.654.225
2024-12-28,URBANA,018_ZW Parque Las Banderas,19,MR76,39,750444,"31,9",False,Fin de Semana,Sábado,343.181,-7.654.225
2024-12-29,URBANA,018_ZW Parque Las Banderas,19,MR76,57,3020321,"93,5",False,Fin de Semana,Domingo,343.181,-7.654.225
2024-12-30,URBANA,018_ZW Parque Las Banderas,19,MR76,36,439588,18,False,Laboral,Lunes,343.181,-7.654.225
2024-12-31,RURAL,018_ZW Parque Las Banderas,19,MR76,19,49507,"2,67",False,Laboral,Martes,343.181,-7.654.225
2025-01-01,URBANA,018_ZW Parque Las Banderas,19,MR76,16,336882,23,True,Festivo,Miércoles,343.181,-7.654.225
2025-01-02,URBANA,018_ZW Parque Las Banderas,19,MR76,53,270550,10,False,Laboral,Jueves,343.181,-7.654.225
2025-01-03,URBANA,018_ZW Parque Las Banderas,19,MR76,27,99097,4,False,Laboral,Viernes,343.181,-7.654.225
2025-01-04,URBANA,018_ZW Parque Las Banderas,19,MR76,58,8679851,322,False,Fin de Semana,Sábado,343.181,-7.654.225
2025-01-05,URBANA,018_ZW Parque Las Banderas,19,MR76,84,1333430,41,False,Fin de Semana,Domingo,343.181,-7.654.225
2025-01-06,URBANA,018_ZW Parque Las Banderas,19,MR76,91,2007372,54,True,Festivo,Lunes,343.181,-7.654.225
2025-01-07,URBANA,018_ZW Parque Las Banderas,19,MR76,43,367174,11,False,Laboral,Martes,343.181,-7.654.225
2025-01-08,URBANA,018_ZW Parque Las Banderas,19,MR76,35,303343,9,False,Laboral,Miércoles,343.181,-7.654.225
2025-01-09,URBANA,018_ZW Parque Las Banderas,19,MR76,26,791860,23,False,Laboral,Jueves,343.181,-7.654.225
2025-01-10,URBANA,018_ZW Parque Las Banderas,19,MR76,30,2910659,80,False,Laboral,Viernes,343.181,-7.654.225
2025-01-11,URBANA,018_ZW Parque Las Banderas,19,MR76,49,1371915,40,False,Fin de Semana,Sábado,343.181,-7.654.225
2025-01-12,URBANA,018_ZW Parque Las Banderas,19,MR76,66,1267129,34,False,Fin de Semana,Domingo,343.181,-7.654.225
2025-01-13,URBANA,018_ZW Parque Las Banderas,19,MR76,2,94,0,False,Laboral,Lunes,343.181,-7.654.225
