FECHA.CONEXION,AREA,NOMBRE.ZONA,COMUNA,MODEL,NUMERO.CONEXIONES,USAGE.KB,PORCENTAJE.USO,es_festivo,tipo_dia,dia_semana,LATITUD,LONGITUD
2024-01-01,URBANA,026_ZW Parque La Flora,2,MR76,43,1414414,"161,8",True,Festivo,Lunes,348.417,-7.652.317
2024-01-02,URBANA,026_ZW Parque La Flora,2,MR76,58,158518,"18,8",False,Laboral,Martes,348.417,-7.652.317
2024-01-03,URBANA,026_ZW Parque La Flora,2,MR76,69,19106,"1,6",False,Laboral,Miércoles,348.417,-7.652.317
2024-01-04,URBANA,026_ZW Parque La Flora,2,MR76,58,104281,"9,9",False,Laboral,Jueves,348.417,-7.652.317
2024-01-05,URBANA,026_ZW Parque La Flora,2,MR76,67,15212,"1,4",False,Laboral,Viernes,348.417,-7.652.317
2024-01-06,URBANA,026_ZW Parque La Flora,2,MR76,74,35715,"4,7",False,Fin de Semana,Sábado,348.417,-7.652.317
2024-01-07,URBANA,026_ZW Parque La Flora,2,MR76,55,4351,"0,4",False,Fin de Semana,Domingo,348.417,-7.652.317
2024-01-08,URBANA,026_ZW Parque La Flora,2,MR76,70,38008,"2,4",True,Festivo,Lunes,348.417,-7.652.317
2024-01-09,URBANA,026_ZW Parque La Flora,2,MR76,71,13683,"1,1",False,Laboral,Martes,348.417,-7.652.317
2024-01-10,URBANA,026_ZW Parque La Flora,2,MR76,72,12558,1,False,Laboral,Miércoles,348.417,-7.652.317
2024-01-11,URBANA,026_ZW Parque La Flora,2,MR76,86,16844,"1,6",False,Laboral,Jueves,348.417,-7.652.317
2024-01-12,URBANA,026_ZW Parque La Flora,2,MR76,84,8476,"0,7",False,Laboral,Viernes,348.417,-7.652.317
2024-01-13,URBANA,026_ZW Parque La Flora,2,MR76,51,10820,"1,2",False,Fin de Semana,Sábado,348.417,-7.652.317
2024-01-14,URBANA,026_ZW Parque La Flora,2,MR76,114,2445694,309,False,Fin de Semana,Domingo,348.417,-7.652.317
2024-01-15,URBANA,026_ZW Parque La Flora,2,MR76,64,4943840,"714,6",False,Laboral,Lunes,348.417,-7.652.317
2024-01-16,URBANA,026_ZW Parque La Flora,2,MR76,72,7927418,"926,8",False,Laboral,Martes,348.417,-7.652.317
2024-01-17,URBANA,026_ZW Parque La Flora,2,MR76,50,3075859,"307,5",False,Laboral,Miércoles,348.417,-7.652.317
2024-01-18,URBANA,026_ZW Parque La Flora,2,MR76,72,5172404,"431,2",False,Laboral,Jueves,348.417,-7.652.317
2024-01-19,URBANA,026_ZW Parque La Flora,2,MR76,55,1437949,"93,7",False,Laboral,Viernes,348.417,-7.652.317
2024-01-20,URBANA,026_ZW Parque La Flora,2,MR76,77,13465650,"1039,9",False,Fin de Semana,Sábado,348.417,-7.652.317
2024-01-21,URBANA,026_ZW Parque La Flora,2,MR76,91,10526673,813,False,Fin de Semana,Domingo,348.417,-7.652.317
2024-01-22,URBANA,026_ZW Parque La Flora,2,MR76,59,6660722,"635,2",False,Laboral,Lunes,348.417,-7.652.317
2024-01-23,URBANA,026_ZW Parque La Flora,2,MR76,68,2929411,"271,3",False,Laboral,Martes,348.417,-7.652.317
2024-01-24,URBANA,026_ZW Parque La Flora,2,MR76,38,642408,"51,4",False,Laboral,Miércoles,348.417,-7.652.317
2024-01-25,URBANA,026_ZW Parque La Flora,2,MR76,62,116046,"7,8",False,Laboral,Jueves,348.417,-7.652.317
2024-01-26,URBANA,026_ZW Parque La Flora,2,MR76,77,8268,"0,6",False,Laboral,Viernes,348.417,-7.652.317
2024-01-27,URBANA,026_ZW Parque La Flora,2,MR76,74,11521,"0,9",False,Fin de Semana,Sábado,348.417,-7.652.317
2024-01-28,URBANA,026_ZW Parque La Flora,2,MR76,87,10534,1,False,Fin de Semana,Domingo,348.417,-7.652.317
2024-01-29,URBANA,026_ZW Parque La Flora,2,MR76,52,22190,"1,9",False,Laboral,Lunes,348.417,-7.652.317
2024-01-30,URBANA,026_ZW Parque La Flora,2,MR76,75,154585,"17,1",False,Laboral,Martes,348.417,-7.652.317
2024-01-31,URBANA,026_ZW Parque La Flora,2,MR76,35,3132,"0,3",False,Laboral,Miércoles,348.417,-7.652.317
2024-02-01,URBANA,026_ZW Parque La Flora,2,MR76,63,6337,"0,5",False,Laboral,Jueves,348.417,-7.652.317
2024-02-02,URBANA,026_ZW Parque La Flora,2,MR76,46,7113,"0,7",False,Laboral,Viernes,348.417,-7.652.317
2024-02-03,URBANA,026_ZW Parque La Flora,2,MR76,57,5616,"0,3",False,Fin de Semana,Sábado,348.417,-7.652.317
2024-02-04,URBANA,026_ZW Parque La Flora,2,MR76,44,17231,"1,1",False,Fin de Semana,Domingo,348.417,-7.652.317
2024-02-05,URBANA,026_ZW Parque La Flora,2,MR76,38,2714,"0,2",False,Laboral,Lunes,348.417,-7.652.317
2024-02-06,URBANA,026_ZW Parque La Flora,2,MR76,31,96661,"6,5",False,Laboral,Martes,348.417,-7.652.317
2024-02-07,URBANA,026_ZW Parque La Flora,2,MR76,35,64905,"3,9",False,Laboral,Miércoles,348.417,-7.652.317
2024-02-08,URBANA,026_ZW Parque La Flora,2,MR76,58,8669,"0,6",False,Laboral,Jueves,348.417,-7.652.317
2024-02-09,URBANA,026_ZW Parque La Flora,2,MR76,61,85555,"7,1",False,Laboral,Viernes,348.417,-7.652.317
2024-02-10,URBANA,026_ZW Parque La Flora,2,MR76,62,10090,"0,6",False,Fin de Semana,Sábado,348.417,-7.652.317
2024-02-11,URBANA,026_ZW Parque La Flora,2,MR76,86,29694,"2,2",False,Fin de Semana,Domingo,348.417,-7.652.317
2024-02-12,URBANA,026_ZW Parque La Flora,2,MR76,48,700214,"67,6",False,Laboral,Lunes,348.417,-7.652.317
2024-02-13,URBANA,026_ZW Parque La Flora,2,MR76,65,3180777,"367,2",False,Laboral,Martes,348.417,-7.652.317
2024-02-14,URBANA,026_ZW Parque La Flora,2,MR76,62,6876607,"910,4",False,Laboral,Miércoles,348.417,-7.652.317
2024-02-15,URBANA,026_ZW Parque La Flora,2,MR76,67,6477928,"554,7",False,Laboral,Jueves,348.417,-7.652.317
2024-02-16,URBANA,026_ZW Parque La Flora,2,MR76,64,749038,71,False,Laboral,Viernes,348.417,-7.652.317
2024-02-17,URBANA,026_ZW Parque La Flora,2,MR76,84,20530,"1,9",False,Fin de Semana,Sábado,348.417,-7.652.317
2024-02-18,URBANA,026_ZW Parque La Flora,2,MR76,83,28364,"2,2",False,Fin de Semana,Domingo,348.417,-7.652.317
2024-02-19,URBANA,026_ZW Parque La Flora,2,MR76,33,271003,"18,5",False,Laboral,Lunes,348.417,-7.652.317
2024-02-20,URBANA,026_ZW Parque La Flora,2,MR76,59,929204,"76,1",False,Laboral,Martes,348.417,-7.652.317
2024-02-21,URBANA,026_ZW Parque La Flora,2,MR76,46,906171,"78,5",False,Laboral,Miércoles,348.417,-7.652.317
2024-02-22,URBANA,026_ZW Parque La Flora,2,MR76,69,1240110,81,False,Laboral,Jueves,348.417,-7.652.317
2024-02-23,URBANA,026_ZW Parque La Flora,2,MR76,71,21983,"1,5",False,Laboral,Viernes,348.417,-7.652.317
2024-02-24,URBANA,026_ZW Parque La Flora,2,MR76,66,16102,"1,3",False,Fin de Semana,Sábado,348.417,-7.652.317
2024-02-25,URBANA,026_ZW Parque La Flora,2,MR76,90,6428,"0,4",False,Fin de Semana,Domingo,348.417,-7.652.317
2024-02-26,URBANA,026_ZW Parque La Flora,2,MR76,67,8286,"0,7",False,Laboral,Lunes,348.417,-7.652.317
2024-02-27,URBANA,026_ZW Parque La Flora,2,MR76,70,10641,"0,9",False,Laboral,Martes,348.417,-7.652.317
2024-02-28,URBANA,026_ZW Parque La Flora,2,MR76,51,12251,"0,7",False,Laboral,Miércoles,348.417,-7.652.317
2024-02-29,URBANA,026_ZW Parque La Flora,2,MR76,56,38448,"4,9",False,Laboral,Jueves,348.417,-7.652.317
2024-03-01,URBANA,026_ZW Parque La Flora,2,MR76,58,6532,"0,5",False,Laboral,Viernes,348.417,-7.652.317
2024-03-02,URBANA,026_ZW Parque La Flora,2,MR76,39,4110,"0,4",False,Fin de Semana,Sábado,348.417,-7.652.317
2024-03-03,URBANA,026_ZW Parque La Flora,2,MR76,82,55670,4,False,Fin de Semana,Domingo,348.417,-7.652.317
2024-03-04,URBANA,026_ZW Parque La Flora,2,MR76,67,8249,"0,6",False,Laboral,Lunes,348.417,-7.652.317
2024-03-05,URBANA,026_ZW Parque La Flora,2,MR76,69,23585,"1,7",False,Laboral,Martes,348.417,-7.652.317
2024-03-06,URBANA,026_ZW Parque La Flora,2,MR76,59,8361,"0,7",False,Laboral,Miércoles,348.417,-7.652.317
2024-03-07,URBANA,026_ZW Parque La Flora,2,MR76,72,19222,"1,8",False,Laboral,Jueves,348.417,-7.652.317
2024-03-08,URBANA,026_ZW Parque La Flora,2,MR76,46,12347,"1,2",False,Laboral,Viernes,348.417,-7.652.317
2024-03-09,URBANA,026_ZW Parque La Flora,2,MR76,86,144403,"14,6",False,Fin de Semana,Sábado,348.417,-7.652.317
2024-03-10,URBANA,026_ZW Parque La Flora,2,MR76,122,1414313,"148,2",False,Fin de Semana,Domingo,348.417,-7.652.317
2024-03-11,URBANA,026_ZW Parque La Flora,2,MR76,57,5657561,"601,9",False,Laboral,Lunes,348.417,-7.652.317
2024-03-12,URBANA,026_ZW Parque La Flora,2,MR76,61,2540620,"288,1",False,Laboral,Martes,348.417,-7.652.317
2024-03-13,URBANA,026_ZW Parque La Flora,2,MR76,57,3692060,"498,7",False,Laboral,Miércoles,348.417,-7.652.317
2024-03-14,URBANA,026_ZW Parque La Flora,2,MR76,31,1231817,127,False,Laboral,Jueves,348.417,-7.652.317
2024-03-15,URBANA,026_ZW Parque La Flora,2,MR76,41,15332,"1,2",False,Laboral,Viernes,348.417,-7.652.317
2024-03-16,URBANA,026_ZW Parque La Flora,2,MR76,71,9857,"0,9",False,Fin de Semana,Sábado,348.417,-7.652.317
2024-03-17,URBANA,026_ZW Parque La Flora,2,MR76,78,15098,"1,2",False,Fin de Semana,Domingo,348.417,-7.652.317
2024-03-18,URBANA,026_ZW Parque La Flora,2,MR76,65,20470,"1,7",False,Laboral,Lunes,348.417,-7.652.317
2024-03-19,URBANA,026_ZW Parque La Flora,2,MR76,63,10022,"1,3",False,Laboral,Martes,348.417,-7.652.317
2024-03-20,URBANA,026_ZW Parque La Flora,2,MR76,53,2595,"0,4",False,Laboral,Miércoles,348.417,-7.652.317
2024-03-21,URBANA,026_ZW Parque La Flora,2,MR76,44,15322,"1,8",False,Laboral,Jueves,348.417,-7.652.317
2024-03-22,URBANA,026_ZW Parque La Flora,2,MR76,70,6341,"0,7",False,Laboral,Viernes,348.417,-7.652.317
2024-03-23,URBANA,026_ZW Parque La Flora,2,MR76,84,11673,"1,5",False,Fin de Semana,Sábado,348.417,-7.652.317
2024-03-24,URBANA,026_ZW Parque La Flora,2,MR76,91,23212,"2,6",True,Festivo,Domingo,348.417,-7.652.317
2024-03-25,URBANA,026_ZW Parque La Flora,2,MR76,36,3276876,467,True,Festivo,Lunes,348.417,-7.652.317
2024-03-26,URBANA,026_ZW Parque La Flora,2,MR76,58,4331529,"556,2",False,Laboral,Martes,348.417,-7.652.317
2024-03-27,URBANA,026_ZW Parque La Flora,2,MR76,39,1023528,"126,7",False,Laboral,Miércoles,348.417,-7.652.317
2024-03-28,URBANA,026_ZW Parque La Flora,2,MR76,54,5192917,"813,8",True,Festivo,Jueves,348.417,-7.652.317
2024-03-29,URBANA,026_ZW Parque La Flora,2,MR76,78,5853367,"590,4",True,Festivo,Viernes,348.417,-7.652.317
2024-03-30,URBANA,026_ZW Parque La Flora,2,MR76,77,253773,"40,7",False,Fin de Semana,Sábado,348.417,-7.652.317
2024-03-31,URBANA,026_ZW Parque La Flora,2,MR76,47,13344,"1,8",True,Festivo,Domingo,348.417,-7.652.317
2024-04-01,URBANA,026_ZW Parque La Flora,2,MR76,48,6524,"0,6",False,Laboral,Lunes,348.417,-7.652.317
2024-04-02,URBANA,026_ZW Parque La Flora,2,MR76,21,1954,"0,3",False,Laboral,Martes,348.417,-7.652.317
2024-04-03,URBANA,026_ZW Parque La Flora,2,MR76,36,3320031,"368,5",False,Laboral,Miércoles,348.417,-7.652.317
2024-04-04,URBANA,026_ZW Parque La Flora,2,MR76,53,2811881,"244,6",False,Laboral,Jueves,348.417,-7.652.317
2024-04-05,URBANA,026_ZW Parque La Flora,2,MR76,67,9733914,"866,2",False,Laboral,Viernes,348.417,-7.652.317
2024-04-06,URBANA,026_ZW Parque La Flora,2,MR76,74,5942535,"493,8",False,Fin de Semana,Sábado,348.417,-7.652.317
2024-04-07,URBANA,026_ZW Parque La Flora,2,MR76,70,5573658,466,False,Fin de Semana,Domingo,348.417,-7.652.317
2024-04-08,URBANA,026_ZW Parque La Flora,2,MR76,57,5920402,"836,5",False,Laboral,Lunes,348.417,-7.652.317
2024-04-09,URBANA,026_ZW Parque La Flora,2,MR76,70,2823516,369,False,Laboral,Martes,348.417,-7.652.317
2024-04-10,URBANA,026_ZW Parque La Flora,2,MR76,37,1151219,"270,9",False,Laboral,Miércoles,348.417,-7.652.317
2024-04-11,URBANA,026_ZW Parque La Flora,2,MR76,67,875722,"198,3",False,Laboral,Jueves,348.417,-7.652.317
2024-04-12,URBANA,026_ZW Parque La Flora,2,MR76,60,5668,"0,8",False,Laboral,Viernes,348.417,-7.652.317
2024-04-13,URBANA,026_ZW Parque La Flora,2,MR76,70,95109,"11,2",False,Fin de Semana,Sábado,348.417,-7.652.317
2024-04-14,URBANA,026_ZW Parque La Flora,2,MR76,104,37327,"5,4",False,Fin de Semana,Domingo,348.417,-7.652.317
2024-04-15,URBANA,026_ZW Parque La Flora,2,MR76,70,7799,"1,9",False,Laboral,Lunes,348.417,-7.652.317
2024-04-16,URBANA,026_ZW Parque La Flora,2,MR76,44,10010,"2,4",False,Laboral,Martes,348.417,-7.652.317
2024-04-17,URBANA,026_ZW Parque La Flora,2,MR76,49,9983,"2,7",False,Laboral,Miércoles,348.417,-7.652.317
2024-04-18,URBANA,026_ZW Parque La Flora,2,MR76,29,3283,"1,1",False,Laboral,Jueves,348.417,-7.652.317
2024-04-19,URBANA,026_ZW Parque La Flora,2,MR76,38,4025698,"992,5",False,Laboral,Viernes,348.417,-7.652.317
2024-04-20,URBANA,026_ZW Parque La Flora,2,MR76,33,1366005,"174,8",False,Fin de Semana,Sábado,348.417,-7.652.317
2024-04-21,URBANA,026_ZW Parque La Flora,2,MR76,52,2643501,"427,2",False,Fin de Semana,Domingo,348.417,-7.652.317
2024-04-22,URBANA,026_ZW Parque La Flora,2,MR76,36,1181782,"254,1",False,Laboral,Lunes,348.417,-7.652.317
2024-04-23,URBANA,026_ZW Parque La Flora,2,MR76,51,2095395,"114,1",False,Laboral,Martes,348.417,-7.652.317
2024-04-24,URBANA,026_ZW Parque La Flora,2,MR76,42,4295061,"233,8",False,Laboral,Miércoles,348.417,-7.652.317
2024-04-25,URBANA,026_ZW Parque La Flora,2,MR76,53,1889205,"159,2",False,Laboral,Jueves,348.417,-7.652.317
2024-04-26,URBANA,026_ZW Parque La Flora,2,MR76,43,1711392,"170,8",False,Laboral,Viernes,348.417,-7.652.317
2024-04-27,URBANA,026_ZW Parque La Flora,2,MR76,41,1360535,"111,5",False,Fin de Semana,Sábado,348.417,-7.652.317
2024-04-28,URBANA,026_ZW Parque La Flora,2,MR76,63,1108192,150,False,Fin de Semana,Domingo,348.417,-7.652.317
2024-04-29,URBANA,026_ZW Parque La Flora,2,MR76,51,2663623,"332,7",False,Laboral,Lunes,348.417,-7.652.317
2024-04-30,URBANA,026_ZW Parque La Flora,2,MR76,75,5361272,851,False,Laboral,Martes,348.417,-7.652.317
2024-05-01,URBANA,026_ZW Parque La Flora,2,MR76,62,3276275,623,True,Festivo,Miércoles,348.417,-7.652.317
2024-05-02,URBANA,026_ZW Parque La Flora,2,MR76,65,1502935,"293,7",False,Laboral,Jueves,348.417,-7.652.317
2024-05-03,URBANA,026_ZW Parque La Flora,2,MR76,40,7700,"1,7",False,Laboral,Viernes,348.417,-7.652.317
2024-05-04,URBANA,026_ZW Parque La Flora,2,MR76,47,16539,"2,3",False,Fin de Semana,Sábado,348.417,-7.652.317
2024-05-05,URBANA,026_ZW Parque La Flora,2,MR76,49,372550,"60,4",False,Fin de Semana,Domingo,348.417,-7.652.317
2024-05-06,URBANA,026_ZW Parque La Flora,2,MR76,50,5622249,"1176,5",False,Laboral,Lunes,348.417,-7.652.317
2024-05-07,URBANA,026_ZW Parque La Flora,2,MR76,52,3954817,"652,2",False,Laboral,Martes,348.417,-7.652.317
2024-05-08,URBANA,026_ZW Parque La Flora,2,MR76,30,1172252,148,False,Laboral,Miércoles,348.417,-7.652.317
2024-05-09,URBANA,026_ZW Parque La Flora,2,MR76,28,863023,"97,9",False,Laboral,Jueves,348.417,-7.652.317
2024-05-10,URBANA,026_ZW Parque La Flora,2,MR76,41,1918760,"243,2",False,Laboral,Viernes,348.417,-7.652.317
2024-05-11,URBANA,026_ZW Parque La Flora,2,MR76,57,2822201,"378,7",False,Fin de Semana,Sábado,348.417,-7.652.317
2024-05-12,URBANA,026_ZW Parque La Flora,2,MR76,55,172961,"41,9",False,Fin de Semana,Domingo,348.417,-7.652.317
2024-05-13,URBANA,026_ZW Parque La Flora,2,MR76,71,36709,"6,6",True,Festivo,Lunes,348.417,-7.652.317
2024-05-14,URBANA,026_ZW Parque La Flora,2,MR76,34,32177,"14,8",False,Laboral,Martes,348.417,-7.652.317
2024-05-15,URBANA,026_ZW Parque La Flora,2,MR76,32,1266556,205,False,Laboral,Miércoles,348.417,-7.652.317
2024-05-16,URBANA,026_ZW Parque La Flora,2,MR76,29,494581,"60,6",False,Laboral,Jueves,348.417,-7.652.317
2024-05-17,URBANA,026_ZW Parque La Flora,2,MR76,54,2150969,"206,9",False,Laboral,Viernes,348.417,-7.652.317
2024-05-18,URBANA,026_ZW Parque La Flora,2,MR76,58,2577922,"234,8",False,Fin de Semana,Sábado,348.417,-7.652.317
2024-05-19,URBANA,026_ZW Parque La Flora,2,MR76,78,4454166,"380,9",False,Fin de Semana,Domingo,348.417,-7.652.317
2024-05-20,URBANA,026_ZW Parque La Flora,2,MR76,50,3305963,"469,6",False,Laboral,Lunes,348.417,-7.652.317
2024-05-21,URBANA,026_ZW Parque La Flora,2,MR76,60,554019,"71,3",False,Laboral,Martes,348.417,-7.652.317
2024-05-22,URBANA,026_ZW Parque La Flora,2,MR76,43,358217,"139,1",False,Laboral,Miércoles,348.417,-7.652.317
2024-05-23,URBANA,026_ZW Parque La Flora,2,MR76,54,1703318,"320,7",False,Laboral,Jueves,348.417,-7.652.317
2024-05-24,URBANA,026_ZW Parque La Flora,2,MR76,42,2221263,"470,6",False,Laboral,Viernes,348.417,-7.652.317
2024-05-25,URBANA,026_ZW Parque La Flora,2,MR76,51,4686818,658,False,Fin de Semana,Sábado,348.417,-7.652.317
2024-05-26,URBANA,026_ZW Parque La Flora,2,MR76,50,2436876,"352,7",False,Fin de Semana,Domingo,348.417,-7.652.317
2024-05-27,URBANA,026_ZW Parque La Flora,2,MR76,49,4472778,"526,1",False,Laboral,Lunes,348.417,-7.652.317
2024-05-28,URBANA,026_ZW Parque La Flora,2,MR76,20,333227,"44,7",False,Laboral,Martes,348.417,-7.652.317
2024-05-30,URBANA,026_ZW Parque La Flora,2,MR76,34,1654395,"138,3",False,Laboral,Jueves,348.417,-7.652.317
2024-05-31,URBANA,026_ZW Parque La Flora,2,MR76,52,412564,"44,4",False,Laboral,Viernes,348.417,-7.652.317
2024-06-01,URBANA,026_ZW Parque La Flora,2,MR76,77,4845714,484,False,Fin de Semana,Sábado,348.417,-7.652.317
2024-06-02,URBANA,026_ZW Parque La Flora,2,MR76,92,5861095,598,False,Fin de Semana,Domingo,348.417,-7.652.317
2024-06-03,URBANA,026_ZW Parque La Flora,2,MR76,62,77448,"11,2",True,Festivo,Lunes,348.417,-7.652.317
2024-06-04,URBANA,026_ZW Parque La Flora,2,MR76,46,8460,"1,9",False,Laboral,Martes,348.417,-7.652.317
2024-06-05,URBANA,026_ZW Parque La Flora,2,MR76,44,4117,"1,4",False,Laboral,Miércoles,348.417,-7.652.317
2024-06-06,URBANA,026_ZW Parque La Flora,2,MR76,66,19478,"3,2",False,Laboral,Jueves,348.417,-7.652.317
2024-06-07,URBANA,026_ZW Parque La Flora,2,MR76,47,5153,"1,1",False,Laboral,Viernes,348.417,-7.652.317
2024-06-08,URBANA,026_ZW Parque La Flora,2,MR76,66,36208,"11,5",False,Fin de Semana,Sábado,348.417,-7.652.317
2024-06-09,URBANA,026_ZW Parque La Flora,2,MR76,67,12576,"4,3",False,Fin de Semana,Domingo,348.417,-7.652.317
2024-06-10,URBANA,026_ZW Parque La Flora,2,MR76,72,7491,"1,4",True,Festivo,Lunes,348.417,-7.652.317
2024-06-11,URBANA,026_ZW Parque La Flora,2,MR76,91,7528,"1,2",False,Laboral,Martes,348.417,-7.652.317
2024-06-12,URBANA,026_ZW Parque La Flora,2,MR76,75,42976,"5,8",False,Laboral,Miércoles,348.417,-7.652.317
2024-06-13,URBANA,026_ZW Parque La Flora,2,MR76,43,7699,149891400,False,Laboral,Jueves,348.417,-7.652.317
2024-06-14,URBANA,026_ZW Parque La Flora,2,MR76,57,4287,128850200,False,Laboral,Viernes,348.417,-7.652.317
2024-06-15,URBANA,026_ZW Parque La Flora,2,MR76,34,1108233,19881986500,False,Fin de Semana,Sábado,348.417,-7.652.317
2024-06-16,URBANA,026_ZW Parque La Flora,2,MR76,61,4814573,86334455500,False,Fin de Semana,Domingo,348.417,-7.652.317
2024-06-17,URBANA,026_ZW Parque La Flora,2,MR76,47,1700224,"272,1",False,Laboral,Lunes,348.417,-7.652.317
2024-06-18,URBANA,026_ZW Parque La Flora,2,MR76,52,2700879,"426,6",False,Laboral,Martes,348.417,-7.652.317
2024-06-19,URBANA,026_ZW Parque La Flora,2,MR76,25,586047,"83,1",False,Laboral,Miércoles,348.417,-7.652.317
2024-06-20,URBANA,026_ZW Parque La Flora,2,MR76,68,23907,"4,8",False,Laboral,Jueves,348.417,-7.652.317
2024-06-21,URBANA,026_ZW Parque La Flora,2,MR76,85,7658,"1,3",False,Laboral,Viernes,348.417,-7.652.317
2024-06-22,URBANA,026_ZW Parque La Flora,2,MR76,101,17307,"3,3",False,Fin de Semana,Sábado,348.417,-7.652.317
2024-06-23,URBANA,026_ZW Parque La Flora,2,MR76,61,6838,"2,7",False,Fin de Semana,Domingo,348.417,-7.652.317
2024-06-24,URBANA,026_ZW Parque La Flora,2,MR76,50,13542,"2,6",False,Laboral,Lunes,348.417,-7.652.317
2024-06-25,URBANA,026_ZW Parque La Flora,2,MR76,55,8088,2,False,Laboral,Martes,348.417,-7.652.317
2024-06-26,URBANA,026_ZW Parque La Flora,2,MR76,77,8449,"2,2",False,Laboral,Miércoles,348.417,-7.652.317
2024-06-27,URBANA,026_ZW Parque La Flora,2,MR76,61,6326,"1,9",False,Laboral,Jueves,348.417,-7.652.317
2024-06-28,URBANA,026_ZW Parque La Flora,2,MR76,78,21234,"3,7",False,Laboral,Viernes,348.417,-7.652.317
2024-06-29,URBANA,026_ZW Parque La Flora,2,MR76,95,10193,"1,7",False,Fin de Semana,Sábado,348.417,-7.652.317
2024-06-30,URBANA,026_ZW Parque La Flora,2,MR76,85,40145,"8,6",False,Fin de Semana,Domingo,348.417,-7.652.317
2024-07-01,URBANA,026_ZW Parque La Flora,2,MR76,81,17771,"2,47",True,Festivo,Lunes,348.417,-7.652.317
2024-07-02,URBANA,026_ZW Parque La Flora,2,MR76,83,26032,"2,8",False,Laboral,Martes,348.417,-7.652.317
2024-07-03,URBANA,026_ZW Parque La Flora,2,MR76,67,7426,"0,88",False,Laboral,Miércoles,348.417,-7.652.317
2024-07-04,URBANA,026_ZW Parque La Flora,2,MR76,75,6888,"0,87",False,Laboral,Jueves,348.417,-7.652.317
2024-07-05,URBANA,026_ZW Parque La Flora,2,MR76,52,2391697,"280,72",False,Laboral,Viernes,348.417,-7.652.317
2024-07-06,URBANA,026_ZW Parque La Flora,2,MR76,89,5839998,"693,76",False,Fin de Semana,Sábado,348.417,-7.652.317
2024-07-07,URBANA,026_ZW Parque La Flora,2,MR76,78,1983254,"224,8",False,Fin de Semana,Domingo,348.417,-7.652.317
2024-07-08,URBANA,026_ZW Parque La Flora,2,MR76,94,2020998,"363,75",False,Laboral,Lunes,348.417,-7.652.317
2024-07-09,URBANA,026_ZW Parque La Flora,2,MR76,90,2478243,"426,76",False,Laboral,Martes,348.417,-7.652.317
2024-07-10,URBANA,026_ZW Parque La Flora,2,MR76,65,2240613,"324,46",False,Laboral,Miércoles,348.417,-7.652.317
2024-07-11,URBANA,026_ZW Parque La Flora,2,MR76,86,11934,"1,62",False,Laboral,Jueves,348.417,-7.652.317
2024-07-12,URBANA,026_ZW Parque La Flora,2,MR76,90,28965,"4,57",False,Laboral,Viernes,348.417,-7.652.317
2024-07-13,URBANA,026_ZW Parque La Flora,2,MR76,80,11152,"1,58",False,Fin de Semana,Sábado,348.417,-7.652.317
2024-07-14,URBANA,026_ZW Parque La Flora,2,MR76,57,7711,"1,21",False,Fin de Semana,Domingo,348.417,-7.652.317
2024-07-15,URBANA,026_ZW Parque La Flora,2,MR76,90,7052,"1,26",False,Laboral,Lunes,348.417,-7.652.317
2024-07-16,URBANA,026_ZW Parque La Flora,2,MR76,85,22574,"3,59",False,Laboral,Martes,348.417,-7.652.317
2024-07-17,URBANA,026_ZW Parque La Flora,2,MR76,89,21870,"4,83",False,Laboral,Miércoles,348.417,-7.652.317
2024-07-18,URBANA,026_ZW Parque La Flora,2,MR76,89,9093,"1,53",False,Laboral,Jueves,348.417,-7.652.317
2024-07-19,URBANA,026_ZW Parque La Flora,2,MR76,105,210073,"29,27",False,Laboral,Viernes,348.417,-7.652.317
2024-07-20,URBANA,026_ZW Parque La Flora,2,MR76,47,1171403,"150,41",True,Festivo,Sábado,348.417,-7.652.317
2024-07-21,URBANA,026_ZW Parque La Flora,2,MR76,74,1721050,"262,91",False,Fin de Semana,Domingo,348.417,-7.652.317
2024-07-22,URBANA,026_ZW Parque La Flora,2,MR76,78,2217810,"319,11",False,Laboral,Lunes,348.417,-7.652.317
2024-07-23,URBANA,026_ZW Parque La Flora,2,MR76,74,2332110,"336,67",False,Laboral,Martes,348.417,-7.652.317
2024-07-24,URBANA,026_ZW Parque La Flora,2,MR76,85,1315893,"208,18",False,Laboral,Miércoles,348.417,-7.652.317
2024-07-25,URBANA,026_ZW Parque La Flora,2,MR76,82,587714,"92,96",False,Laboral,Jueves,348.417,-7.652.317
2024-07-26,URBANA,026_ZW Parque La Flora,2,MR76,82,9877,"1,3",False,Laboral,Viernes,348.417,-7.652.317
2024-07-27,URBANA,026_ZW Parque La Flora,2,MR76,62,5643,"0,97",False,Fin de Semana,Sábado,348.417,-7.652.317
2024-07-28,URBANA,026_ZW Parque La Flora,2,MR76,117,19267,"4,08",False,Fin de Semana,Domingo,348.417,-7.652.317
2024-07-29,URBANA,026_ZW Parque La Flora,2,MR76,85,16315,"2,62",False,Laboral,Lunes,348.417,-7.652.317
2024-07-30,URBANA,026_ZW Parque La Flora,2,MR76,76,10206,"1,49",False,Laboral,Martes,348.417,-7.652.317
2024-07-31,URBANA,026_ZW Parque La Flora,2,MR76,99,22033,"3,66",False,Laboral,Miércoles,348.417,-7.652.317
2024-08-01,URBANA,026_ZW Parque La Flora,2,MR76,91,29351,"4,38",False,Laboral,Jueves,348.417,-7.652.317
2024-08-02,URBANA,026_ZW Parque La Flora,2,MR76,103,9995,"1,66",False,Laboral,Viernes,348.417,-7.652.317
2024-08-03,URBANA,026_ZW Parque La Flora,2,MR76,68,5533,"1,13",False,Fin de Semana,Sábado,348.417,-7.652.317
2024-08-04,URBANA,026_ZW Parque La Flora,2,MR76,114,15043,"2,4",False,Fin de Semana,Domingo,348.417,-7.652.317
2024-08-05,URBANA,026_ZW Parque La Flora,2,MR76,72,16519,"2,39",False,Laboral,Lunes,348.417,-7.652.317
2024-08-06,URBANA,026_ZW Parque La Flora,2,MR76,58,7280,"0,7",False,Laboral,Martes,348.417,-7.652.317
2024-08-07,URBANA,026_ZW Parque La Flora,2,MR76,115,30874,"3,67",True,Festivo,Miércoles,348.417,-7.652.317
2024-08-08,URBANA,026_ZW Parque La Flora,2,MR76,83,14957,"1,88",False,Laboral,Jueves,348.417,-7.652.317
2024-08-09,URBANA,026_ZW Parque La Flora,2,MR76,66,6679,"1,23",False,Laboral,Viernes,348.417,-7.652.317
2024-08-10,URBANA,026_ZW Parque La Flora,2,MR76,86,10815,"2,05",False,Fin de Semana,Sábado,348.417,-7.652.317
2024-08-11,URBANA,026_ZW Parque La Flora,2,MR76,103,17123,"2,97",False,Fin de Semana,Domingo,348.417,-7.652.317
2024-08-12,URBANA,026_ZW Parque La Flora,2,MR76,56,7022,"1,51",False,Laboral,Lunes,348.417,-7.652.317
2024-08-13,URBANA,026_ZW Parque La Flora,2,MR76,96,18216,"2,06",False,Laboral,Martes,348.417,-7.652.317
2024-08-14,URBANA,026_ZW Parque La Flora,2,MR76,99,8324,"1,1",False,Laboral,Miércoles,348.417,-7.652.317
2024-08-15,URBANA,026_ZW Parque La Flora,2,MR76,60,7471,"1,12",False,Laboral,Jueves,348.417,-7.652.317
2024-08-16,URBANA,026_ZW Parque La Flora,2,MR76,55,8027,"1,09",False,Laboral,Viernes,348.417,-7.652.317
2024-08-17,URBANA,026_ZW Parque La Flora,2,MR76,70,15130,"2,19",False,Fin de Semana,Sábado,348.417,-7.652.317
2024-08-18,URBANA,026_ZW Parque La Flora,2,MR76,106,19035,"2,88",False,Fin de Semana,Domingo,348.417,-7.652.317
2024-08-19,URBANA,026_ZW Parque La Flora,2,MR76,84,9618,"1,32",True,Festivo,Lunes,348.417,-7.652.317
2024-08-20,URBANA,026_ZW Parque La Flora,2,MR76,95,7369,"1,82",False,Laboral,Martes,348.417,-7.652.317
2024-08-21,URBANA,026_ZW Parque La Flora,2,MR76,98,5370,"1,56",False,Laboral,Miércoles,348.417,-7.652.317
2024-08-22,URBANA,026_ZW Parque La Flora,2,MR76,89,12498,"3,33",False,Laboral,Jueves,348.417,-7.652.317
2024-08-23,URBANA,026_ZW Parque La Flora,2,MR76,54,97643,"39,78",False,Laboral,Viernes,348.417,-7.652.317
2024-08-24,URBANA,026_ZW Parque La Flora,2,MR76,87,8076,"5,47",False,Fin de Semana,Sábado,348.417,-7.652.317
2024-08-25,URBANA,026_ZW Parque La Flora,2,MR76,89,9250,"8,85",False,Fin de Semana,Domingo,348.417,-7.652.317
2024-08-26,URBANA,026_ZW Parque La Flora,2,MR76,92,17375,"23,22",False,Laboral,Lunes,348.417,-7.652.317
2024-08-27,URBANA,026_ZW Parque La Flora,2,MR76,90,28864,"30,98",False,Laboral,Martes,348.417,-7.652.317
2024-08-28,URBANA,026_ZW Parque La Flora,2,MR76,93,11930,"21,17",False,Laboral,Miércoles,348.417,-7.652.317
2024-08-29,URBANA,026_ZW Parque La Flora,2,MR76,53,68834,"196,64",False,Laboral,Jueves,348.417,-7.652.317
2024-08-30,URBANA,026_ZW Parque La Flora,2,MR76,92,43795,"105,49",False,Laboral,Viernes,348.417,-7.652.317
2024-08-31,URBANA,026_ZW Parque La Flora,2,MR76,93,6952,"9,92",False,Fin de Semana,Sábado,348.417,-7.652.317
2024-09-01,URBANA,026_ZW Parque La Flora,2,MR76,106,29656,"68,63",False,Fin de Semana,Domingo,348.417,-7.652.317
2024-09-02,URBANA,026_ZW Parque La Flora,2,MR76,96,11743,"23,15",False,Laboral,Lunes,348.417,-7.652.317
2024-09-03,URBANA,026_ZW Parque La Flora,2,MR76,108,13885,"76,08",False,Laboral,Martes,348.417,-7.652.317
2024-09-04,URBANA,026_ZW Parque La Flora,2,MR76,23,1662,"227,94",False,Laboral,Miércoles,348.417,-7.652.317
2024-10-25,URBANA,026_ZW Parque La Flora,2,MR76,28,1216515,"271,75",False,Laboral,Viernes,348.417,-7.652.317
2024-10-26,URBANA,026_ZW Parque La Flora,2,MR76,58,3575984,"463,08",False,Fin de Semana,Sábado,348.417,-7.652.317
2024-10-27,URBANA,026_ZW Parque La Flora,2,MR76,60,7814838,"785,04",False,Fin de Semana,Domingo,348.417,-7.652.317
2024-10-28,URBANA,026_ZW Parque La Flora,2,MR76,37,3727604,"619,01",False,Laboral,Lunes,348.417,-7.652.317
2024-10-29,URBANA,026_ZW Parque La Flora,2,MR76,46,4554087,"718,35",False,Laboral,Martes,348.417,-7.652.317
2024-10-30,URBANA,026_ZW Parque La Flora,2,MR76,31,1311725,"267,74",False,Laboral,Miércoles,348.417,-7.652.317
2024-10-31,URBANA,026_ZW Parque La Flora,2,MR76,47,4557433,"971,43",False,Laboral,Jueves,348.417,-7.652.317
2024-11-01,URBANA,026_ZW Parque La Flora,2,MR76,38,1670872,"302,15",False,Laboral,Viernes,348.417,-7.652.317
2024-11-02,URBANA,026_ZW Parque La Flora,2,MR76,50,1810172,"291,32",False,Fin de Semana,Sábado,348.417,-7.652.317
2024-11-03,URBANA,026_ZW Parque La Flora,2,MR76,68,5267627,"895,46",False,Fin de Semana,Domingo,348.417,-7.652.317
2024-11-04,URBANA,026_ZW Parque La Flora,2,MR76,35,5434375,"819,18",True,Festivo,Lunes,348.417,-7.652.317
2024-11-05,URBANA,026_ZW Parque La Flora,2,MR76,72,3252800,"445,46",False,Laboral,Martes,348.417,-7.652.317
2024-11-06,URBANA,026_ZW Parque La Flora,2,MR76,43,5515211,"880,79",False,Laboral,Miércoles,348.417,-7.652.317
2024-11-07,URBANA,026_ZW Parque La Flora,2,MR76,50,3455144,"388,5",False,Laboral,Jueves,348.417,-7.652.317
2024-11-08,URBANA,026_ZW Parque La Flora,2,MR76,64,2776833,"224,54",False,Laboral,Viernes,348.417,-7.652.317
2024-11-09,URBANA,026_ZW Parque La Flora,2,MR76,68,4865870,"292,22",False,Fin de Semana,Sábado,348.417,-7.652.317
2024-11-10,URBANA,026_ZW Parque La Flora,2,MR76,96,2404813,"124,14",False,Fin de Semana,Domingo,348.417,-7.652.317
2024-11-11,URBANA,026_ZW Parque La Flora,2,MR76,62,2820815,"160,62",True,Festivo,Lunes,348.417,-7.652.317
2024-11-12,URBANA,026_ZW Parque La Flora,2,MR76,62,1522427,"79,65",False,Laboral,Martes,348.417,-7.652.317
2024-11-13,URBANA,026_ZW Parque La Flora,2,MR76,76,1311317,"80,94",False,Laboral,Miércoles,348.417,-7.652.317
2024-11-14,URBANA,026_ZW Parque La Flora,2,MR76,73,2965615,"154,48",False,Laboral,Jueves,348.417,-7.652.317
2024-11-15,URBANA,026_ZW Parque La Flora,2,MR76,73,3220853,"176,81",False,Laboral,Viernes,348.417,-7.652.317
2024-11-16,URBANA,026_ZW Parque La Flora,2,MR76,67,2164700,"117,56",False,Fin de Semana,Sábado,348.417,-7.652.317
2024-11-17,URBANA,026_ZW Parque La Flora,2,MR76,90,2276174,"132,49",False,Fin de Semana,Domingo,348.417,-7.652.317
2024-11-18,URBANA,026_ZW Parque La Flora,2,MR76,2,97410,"6,06",False,Laboral,Lunes,348.417,-7.652.317
2024-11-21,URBANA,026_ZW Parque La Flora,2,MR76,42,2951383,"163,46",False,Laboral,Jueves,348.417,-7.652.317
2024-11-22,URBANA,026_ZW Parque La Flora,2,MR76,70,1465284,"72,58",False,Laboral,Viernes,348.417,-7.652.317
2024-11-23,URBANA,026_ZW Parque La Flora,2,MR76,78,2006205,"104,68",False,Fin de Semana,Sábado,348.417,-7.652.317
2024-11-24,URBANA,026_ZW Parque La Flora,2,MR76,43,709864,"95,88",False,Fin de Semana,Domingo,348.417,-7.652.317
2024-11-25,URBANA,026_ZW Parque La Flora,2,MR76,12,406655,"98,88",False,Laboral,Lunes,348.417,-7.652.317
2024-11-26,URBANA,026_ZW Parque La Flora,2,MR76,42,1710365,"217,18",False,Laboral,Martes,348.417,-7.652.317
2024-11-27,URBANA,026_ZW Parque La Flora,2,MR76,75,2416853,"124,45",False,Laboral,Miércoles,348.417,-7.652.317
2024-11-28,URBANA,026_ZW Parque La Flora,2,MR76,72,2246858,"106,71",False,Laboral,Jueves,348.417,-7.652.317
2024-11-29,URBANA,026_ZW Parque La Flora,2,MR76,69,1754058,"78,92",False,Laboral,Viernes,348.417,-7.652.317
2024-11-30,URBANA,026_ZW Parque La Flora,2,MR76,82,1964902,"86,21",False,Fin de Semana,Sábado,348.417,-7.652.317
2024-12-01,URBANA,026_ZW Parque La Flora,2,MR76,63,1368342,"56,62",False,Fin de Semana,Domingo,348.417,-7.652.317
2024-12-02,URBANA,026_ZW Parque La Flora,2,MR76,67,1281659,"61,42",False,Laboral,Lunes,348.417,-7.652.317
2024-12-03,URBANA,026_ZW Parque La Flora,2,MR76,80,4956561,"265,47",False,Laboral,Martes,348.417,-7.652.317
2024-12-04,URBANA,026_ZW Parque La Flora,2,MR76,70,2720259,"117,78",False,Laboral,Miércoles,348.417,-7.652.317
2024-12-05,URBANA,026_ZW Parque La Flora,2,MR76,75,1705012,"74,32",False,Laboral,Jueves,348.417,-7.652.317
2024-12-06,URBANA,026_ZW Parque La Flora,2,MR76,62,3212534,"142,88",False,Laboral,Viernes,348.417,-7.652.317
2024-12-07,URBANA,026_ZW Parque La Flora,2,MR76,62,2553866,"124,49",False,Fin de Semana,Sábado,348.417,-7.652.317
2024-12-08,URBANA,026_ZW Parque La Flora,2,MR76,70,2458335,"92,57",True,Festivo,Domingo,348.417,-7.652.317
2024-12-09,URBANA,026_ZW Parque La Flora,2,MR76,80,782376,"29,01",False,Laboral,Lunes,348.417,-7.652.317
2024-12-10,URBANA,026_ZW Parque La Flora,2,MR76,88,4089816,"135,05",False,Laboral,Martes,348.417,-7.652.317
2024-12-11,URBANA,026_ZW Parque La Flora,2,MR76,68,3176226,"105,34",False,Laboral,Miércoles,348.417,-7.652.317
2024-12-12,URBANA,026_ZW Parque La Flora,2,MR76,61,2450366,"71,41",False,Laboral,Jueves,348.417,-7.652.317
2024-12-13,URBANA,026_ZW Parque La Flora,2,MR76,65,2409028,"71,01",False,Laboral,Viernes,348.417,-7.652.317
2024-12-14,URBANA,026_ZW Parque La Flora,2,MR76,59,540165,"17,78",False,Fin de Semana,Sábado,348.417,-7.652.317
2024-12-15,URBANA,026_ZW Parque La Flora,2,MR76,70,3216819,"108,58",False,Fin de Semana,Domingo,348.417,-7.652.317
2024-12-16,URBANA,026_ZW Parque La Flora,2,MR76,67,1148733,"34,54",False,Laboral,Lunes,348.417,-7.652.317
2024-12-17,URBANA,026_ZW Parque La Flora,2,MR76,62,797398,26,False,Laboral,Martes,348.417,-7.652.317
2024-12-18,URBANA,026_ZW Parque La Flora,2,MR76,70,2559816,"81,1",False,Laboral,Miércoles,348.417,-7.652.317
2024-12-19,URBANA,026_ZW Parque La Flora,2,MR76,65,2295069,"80,7",False,Laboral,Jueves,348.417,-7.652.317
2024-12-20,URBANA,026_ZW Parque La Flora,2,MR76,50,1777199,"58,6",False,Laboral,Viernes,348.417,-7.652.317
2024-12-21,URBANA,026_ZW Parque La Flora,2,MR76,28,963004,"36,9",False,Fin de Semana,Sábado,348.417,-7.652.317
2024-12-22,URBANA,026_ZW Parque La Flora,2,MR76,64,1402003,"43,8",False,Fin de Semana,Domingo,348.417,-7.652.317
2024-12-23,URBANA,026_ZW Parque La Flora,2,MR76,54,3068844,122,False,Laboral,Lunes,348.417,-7.652.317
2024-12-24,URBANA,026_ZW Parque La Flora,2,MR76,27,660531,"27,6",False,Laboral,Martes,348.417,-7.652.317
2024-12-25,URBANA,026_ZW Parque La Flora,2,MR76,67,6252825,221,True,Festivo,Miércoles,348.417,-7.652.317
2024-12-26,URBANA,026_ZW Parque La Flora,2,MR76,48,1701914,"62,2",False,Laboral,Jueves,348.417,-7.652.317
2024-12-27,URBANA,026_ZW Parque La Flora,2,MR76,50,2235607,"68,6",False,Laboral,Viernes,348.417,-7.652.317
2024-12-28,URBANA,026_ZW Parque La Flora,2,MR76,32,596805,"25,4",False,Fin de Semana,Sábado,348.417,-7.652.317
2024-12-29,URBANA,026_ZW Parque La Flora,2,MR76,39,1616324,50,False,Fin de Semana,Domingo,348.417,-7.652.317
2024-12-30,URBANA,026_ZW Parque La Flora,2,MR76,20,342130,14,False,Laboral,Lunes,348.417,-7.652.317
2024-12-31,RURAL,026_ZW Parque La Flora,2,MR76,20,585635,"31,5",False,Laboral,Martes,348.417,-7.652.317
2025-01-01,URBANA,026_ZW Parque La Flora,2,MR76,15,424731,29,True,Festivo,Miércoles,348.417,-7.652.317
2025-01-02,URBANA,026_ZW Parque La Flora,2,MR76,46,5964419,214,False,Laboral,Jueves,348.417,-7.652.317
2025-01-03,URBANA,026_ZW Parque La Flora,2,MR76,29,748242,28,False,Laboral,Viernes,348.417,-7.652.317
2025-01-04,URBANA,026_ZW Parque La Flora,2,MR76,58,3112145,116,False,Fin de Semana,Sábado,348.417,-7.652.317
2025-01-05,URBANA,026_ZW Parque La Flora,2,MR76,49,1931457,59,False,Fin de Semana,Domingo,348.417,-7.652.317
2025-01-06,URBANA,026_ZW Parque La Flora,2,MR76,74,3019338,81,True,Festivo,Lunes,348.417,-7.652.317
2025-01-07,URBANA,026_ZW Parque La Flora,2,MR76,46,3157760,95,False,Laboral,Martes,348.417,-7.652.317
2025-01-08,URBANA,026_ZW Parque La Flora,2,MR76,61,5390694,156,False,Laboral,Miércoles,348.417,-7.652.317
2025-01-09,URBANA,026_ZW Parque La Flora,2,MR76,32,653719,19,False,Laboral,Jueves,348.417,-7.652.317
2025-01-10,URBANA,026_ZW Parque La Flora,2,MR76,63,4279160,118,False,Laboral,Viernes,348.417,-7.652.317
2025-01-11,URBANA,026_ZW Parque La Flora,2,MR76,59,6784207,199,False,Fin de Semana,Sábado,348.417,-7.652.317
2025-01-12,URBANA,026_ZW Parque La Flora,2,MR76,104,6116209,163,False,Fin de Semana,Domingo,348.417,-7.652.317
2025-01-13,URBANA,026_ZW Parque La Flora,2,MR76,60,4860631,162,False,Laboral,Lunes,348.417,-7.652.317
2025-01-14,URBANA,026_ZW Parque La Flora,2,MR76,41,1477718,49,False,Laboral,Martes,348.417,-7.652.317
2025-01-15,URBANA,026_ZW Parque La Flora,2,MR76,30,686971,24,False,Laboral,Miércoles,348.417,-7.652.317
2025-01-16,URBANA,026_ZW Parque La Flora,2,MR76,54,3616234,115,False,Laboral,Jueves,348.417,-7.652.317
2025-01-17,URBANA,026_ZW Parque La Flora,2,MR76,58,2299662,75,False,Laboral,Viernes,348.417,-7.652.317
2025-01-18,URBANA,026_ZW Parque La Flora,2,MR76,64,10883226,359,False,Fin de Semana,Sábado,348.417,-7.652.317
2025-01-19,URBANA,026_ZW Parque La Flora,2,MR76,92,8895098,274,False,Fin de Semana,Domingo,348.417,-7.652.317
2025-01-20,URBANA,026_ZW Parque La Flora,2,MR76,49,3160163,98,False,Laboral,Lunes,348.417,-7.652.317
2025-01-21,URBANA,026_ZW Parque La Flora,2,MR76,54,3338052,93,False,Laboral,Martes,348.417,-7.652.317
2025-01-22,URBANA,026_ZW Parque La Flora,2,MR76,55,3193825,95,False,Laboral,Miércoles,348.417,-7.652.317
2025-01-23,URBANA,026_ZW Parque La Flora,2,MR76,67,4613555,115,False,Laboral,Jueves,348.417,-7.652.317
2025-01-24,URBANA,026_ZW Parque La Flora,2,MR76,54,3920307,118,False,Laboral,Viernes,348.417,-7.652.317
2025-01-25,URBANA,026_ZW Parque La Flora,2,MR76,74,5075071,137,False,Fin de Semana,Sábado,348.417,-7.652.317
2025-01-26,URBANA,026_ZW Parque La Flora,2,MR76,90,4625926,118,False,Fin de Semana,Domingo,348.417,-7.652.317
2025-01-27,URBANA,026_ZW Parque La Flora,2,MR76,48,536851,14,False,Laboral,Lunes,348.417,-7.652.317
2025-01-28,URBANA,026_ZW Parque La Flora,2,MR76,72,6719125,204,False,Laboral,Martes,348.417,-7.652.317
2025-01-29,URBANA,026_ZW Parque La Flora,2,MR76,67,4243367,117,False,Laboral,Miércoles,348.417,-7.652.317
2025-01-30,URBANA,026_ZW Parque La Flora,2,MR76,68,4395375,162,False,Laboral,Jueves,348.417,-7.652.317
2025-01-31,URBANA,026_ZW Parque La Flora,2,MR76,57,3347132,182,False,Laboral,Viernes,348.417,-7.652.317
2025-02-01,URBANA,026_ZW Parque La Flora,2,MR76,67,3428278,121,False,Fin de Semana,Sábado,348.417,-7.652.317
2025-02-02,URBANA,026_ZW Parque La Flora,2,MR76,84,1242858,37,False,Fin de Semana,Domingo,348.417,-7.652.317
2025-02-03,URBANA,026_ZW Parque La Flora,2,MR76,53,3348770,130,False,Laboral,Lunes,348.417,-7.652.317
2025-02-04,URBANA,026_ZW Parque La Flora,2,MR76,57,2443428,87,False,Laboral,Martes,348.417,-7.652.317
2025-02-05,URBANA,026_ZW Parque La Flora,2,MR76,49,3150444,130,False,Laboral,Miércoles,348.417,-7.652.317
2025-02-06,URBANA,026_ZW Parque La Flora,2,MR76,60,5169114,191,False,Laboral,Jueves,348.417,-7.652.317
2025-02-07,URBANA,026_ZW Parque La Flora,2,MR76,61,2642649,90,False,Laboral,Viernes,348.417,-7.652.317
2025-02-08,URBANA,026_ZW Parque La Flora,2,MR76,36,1742780,65,False,Fin de Semana,Sábado,348.417,-7.652.317
2025-02-09,URBANA,026_ZW Parque La Flora,2,MR76,30,989657,31,False,Fin de Semana,Domingo,348.417,-7.652.317
2025-02-10,URBANA,026_ZW Parque La Flora,2,MR76,50,4165064,158,False,Laboral,Lunes,348.417,-7.652.317
2025-02-11,URBANA,026_ZW Parque La Flora,2,MR76,37,2964069,100,False,Laboral,Martes,348.417,-7.652.317
2025-02-12,URBANA,026_ZW Parque La Flora,2,MR76,53,6280870,190,False,Laboral,Miércoles,348.417,-7.652.317
2025-02-13,URBANA,026_ZW Parque La Flora,2,MR76,24,2117995,100,False,Laboral,Jueves,348.417,-7.652.317
2025-02-14,URBANA,026_ZW Parque La Flora,2,MR76,50,2546413,76,False,Laboral,Viernes,348.417,-7.652.317
2025-02-15,URBANA,026_ZW Parque La Flora,2,MR76,30,671877,24,False,Fin de Semana,Sábado,348.417,-7.652.317
2025-02-16,URBANA,026_ZW Parque La Flora,2,MR76,66,5231549,172,False,Fin de Semana,Domingo,348.417,-7.652.317
2025-02-17,URBANA,026_ZW Parque La Flora,2,MR76,41,5293141,188,False,Laboral,Lunes,348.417,-7.652.317
2025-02-18,URBANA,026_ZW Parque La Flora,2,MR76,41,2188914,78,False,Laboral,Martes,348.417,-7.652.317
2025-02-19,URBANA,026_ZW Parque La Flora,2,MR76,43,3533252,113,False,Laboral,Miércoles,348.417,-7.652.317
2025-02-20,URBANA,026_ZW Parque La Flora,2,MR76,56,3262729,93,False,Laboral,Jueves,348.417,-7.652.317
2025-02-21,URBANA,026_ZW Parque La Flora,2,MR76,24,1062045,36,False,Laboral,Viernes,348.417,-7.652.317
2025-02-22,URBANA,026_ZW Parque La Flora,2,MR76,51,2746884,97,False,Fin de Semana,Sábado,348.417,-7.652.317
2025-02-23,URBANA,026_ZW Parque La Flora,2,MR76,91,5860331,171,False,Fin de Semana,Domingo,348.417,-7.652.317
2025-02-24,URBANA,026_ZW Parque La Flora,2,MR76,32,805806,33,False,Laboral,Lunes,348.417,-7.652.317
2025-02-25,URBANA,026_ZW Parque La Flora,2,MR76,61,3025713,97,False,Laboral,Martes,348.417,-7.652.317
2025-02-26,URBANA,026_ZW Parque La Flora,2,MR76,52,6679977,241,False,Laboral,Miércoles,348.417,-7.652.317
2025-02-27,URBANA,026_ZW Parque La Flora,2,MR76,27,1466549,51,False,Laboral,Jueves,348.417,-7.652.317
2025-02-28,URBANA,026_ZW Parque La Flora,2,MR76,50,2990320,106,False,Laboral,Viernes,348.417,-7.652.317
2025-03-01,URBANA,026_ZW Parque La Flora,2,MR76,69,4475051,168,False,Fin de Semana,Sábado,348.417,-7.652.317
2025-03-02,URBANA,026_ZW Parque La Flora,2,MR76,62,1301264,38,False,Fin de Semana,Domingo,348.417,-7.652.317
2025-03-03,URBANA,026_ZW Parque La Flora,2,MR76,38,3623670,136,False,Laboral,Lunes,348.417,-7.652.317
2025-03-04,URBANA,026_ZW Parque La Flora,2,MR76,28,4064219,184,False,Laboral,Martes,348.417,-7.652.317
2025-03-05,URBANA,026_ZW Parque La Flora,2,MR76,31,1115629,39,False,Laboral,Miércoles,348.417,-7.652.317
2025-03-06,URBANA,026_ZW Parque La Flora,2,MR76,27,2117078,68,False,Laboral,Jueves,348.417,-7.652.317
2025-03-07,URBANA,026_ZW Parque La Flora,2,MR76,49,8735346,314,False,Laboral,Viernes,348.417,-7.652.317
2025-03-08,URBANA,026_ZW Parque La Flora,2,MR76,72,3300531,96,False,Fin de Semana,Sábado,348.417,-7.652.317
2025-03-09,URBANA,026_ZW Parque La Flora,2,MR76,62,4257553,133,False,Fin de Semana,Domingo,348.417,-7.652.317
2025-03-10,URBANA,026_ZW Parque La Flora,2,MR76,42,17978896,520,False,Laboral,Lunes,348.417,-7.652.317
2025-03-11,URBANA,026_ZW Parque La Flora,2,MR76,33,1464666,66,False,Laboral,Martes,348.417,-7.652.317
2025-03-12,URBANA,026_ZW Parque La Flora,2,MR76,34,240063,8,False,Laboral,Miércoles,348.417,-7.652.317
2025-03-13,URBANA,026_ZW Parque La Flora,2,MR76,42,9149954,378,False,Laboral,Jueves,348.417,-7.652.317
2025-03-14,URBANA,026_ZW Parque La Flora,2,MR76,55,812710,27,False,Laboral,Viernes,348.417,-7.652.317
2025-03-15,URBANA,026_ZW Parque La Flora,2,MR76,56,5727734,184,False,Fin de Semana,Sábado,348.417,-7.652.317
2025-03-16,URBANA,026_ZW Parque La Flora,2,MR76,57,12258379,396,False,Fin de Semana,Domingo,348.417,-7.652.317
2025-03-17,URBANA,026_ZW Parque La Flora,2,MR76,48,9079879,311,False,Laboral,Lunes,348.417,-7.652.317
2025-03-18,URBANA,026_ZW Parque La Flora,2,MR76,31,1597930,48,False,Laboral,Martes,348.417,-7.652.317
2025-03-19,URBANA,026_ZW Parque La Flora,2,MR76,60,4188610,151,False,Laboral,Miércoles,348.417,-7.652.317
2025-03-20,URBANA,026_ZW Parque La Flora,2,MR76,61,4953495,160,False,Laboral,Jueves,348.417,-7.652.317
2025-03-21,URBANA,026_ZW Parque La Flora,2,MR76,64,9823413,267,False,Laboral,Viernes,348.417,-7.652.317
2025-03-22,URBANA,026_ZW Parque La Flora,2,MR76,72,4909147,162,False,Fin de Semana,Sábado,348.417,-7.652.317
2025-03-23,URBANA,026_ZW Parque La Flora,2,MR76,105,12988295,403,False,Fin de Semana,Domingo,348.417,-7.652.317
2025-03-24,URBANA,026_ZW Parque La Flora,2,MR76,44,2003144,49,True,Festivo,Lunes,348.417,-7.652.317
2025-03-25,URBANA,026_ZW Parque La Flora,2,MR76,69,2734961,79,False,Laboral,Martes,348.417,-7.652.317
2025-03-26,URBANA,026_ZW Parque La Flora,2,MR76,53,3486188,112,False,Laboral,Miércoles,348.417,-7.652.317
2025-03-27,URBANA,026_ZW Parque La Flora,2,MR76,73,4663037,129,False,Laboral,Jueves,348.417,-7.652.317
2025-03-28,URBANA,026_ZW Parque La Flora,2,MR76,35,1408492,58,False,Laboral,Viernes,348.417,-7.652.317
2025-03-29,URBANA,026_ZW Parque La Flora,2,MR76,52,4778133,149,False,Fin de Semana,Sábado,348.417,-7.652.317
2025-03-30,URBANA,026_ZW Parque La Flora,2,MR76,37,1343514,38,False,Fin de Semana,Domingo,348.417,-7.652.317
2025-03-31,URBANA,026_ZW Parque La Flora,2,MR76,40,1457152,48,False,Laboral,Lunes,348.417,-7.652.317
