FECHA.CONEXION,AREA,NOMBRE.ZONA,COMUNA,MODEL,NUMERO.CONEXIONES,USAGE.KB,PORCENTAJE.USO,es_festivo,tipo_dia,dia_semana,LATITUD,LONGITUD
2024-01-01,URBANA,027_ZW Parque Alfonso Bonilla Aragón,14,MR76,35,4621,"0,5",True,Festivo,Lunes,341.674,-7.648.181
2024-01-02,URBANA,027_ZW Parque Alfonso Bonilla Aragón,14,MR76,32,3610,"0,4",False,Laboral,Martes,341.674,-7.648.181
2024-01-03,URBANA,027_ZW Parque Alfonso Bonilla Aragón,14,MR76,25,849791,"70,1",False,Laboral,Miércoles,341.674,-7.648.181
2024-01-04,URBANA,027_ZW Parque Alfonso Bonilla Aragón,14,MR76,29,834944,79,False,Laboral,Jueves,341.674,-7.648.181
2024-01-05,URBANA,027_ZW Parque Alfonso Bonilla Aragón,14,MR76,38,2307073,"212,8",False,Laboral,Viernes,341.674,-7.648.181
2024-01-06,URBANA,027_ZW Parque Alfonso Bonilla Aragón,14,MR76,34,2298929,"299,8",False,Fin de Semana,Sábado,341.674,-7.648.181
2024-01-07,URBANA,027_ZW Parque Alfonso Bonilla Aragón,14,MR76,42,1932923,"192,6",False,Fin de Semana,Domingo,341.674,-7.648.181
2024-01-08,URBANA,027_ZW Parque Alfonso Bonilla Aragón,14,MR76,34,1537917,"97,5",True,Festivo,Lunes,341.674,-7.648.181
2024-01-09,URBANA,027_ZW Parque Alfonso Bonilla Aragón,14,MR76,30,390518,"30,1",False,Laboral,Martes,341.674,-7.648.181
2024-01-10,URBANA,027_ZW Parque Alfonso Bonilla Aragón,14,MR76,39,1113810,"92,3",False,Laboral,Miércoles,341.674,-7.648.181
2024-01-11,URBANA,027_ZW Parque Alfonso Bonilla Aragón,14,MR76,37,826568,"76,8",False,Laboral,Jueves,341.674,-7.648.181
2024-01-12,URBANA,027_ZW Parque Alfonso Bonilla Aragón,14,MR76,32,4034257,"347,3",False,Laboral,Viernes,341.674,-7.648.181
2024-01-13,URBANA,027_ZW Parque Alfonso Bonilla Aragón,14,MR76,6,1846,"0,2",False,Fin de Semana,Sábado,341.674,-7.648.181
2024-01-14,URBANA,027_ZW Parque Alfonso Bonilla Aragón,14,MR76,15,320299,"40,5",False,Fin de Semana,Domingo,341.674,-7.648.181
2024-01-15,URBANA,027_ZW Parque Alfonso Bonilla Aragón,14,MR76,14,1194045,"172,6",False,Laboral,Lunes,341.674,-7.648.181
2024-01-16,URBANA,027_ZW Parque Alfonso Bonilla Aragón,14,MR76,15,303417,"35,5",False,Laboral,Martes,341.674,-7.648.181
2024-01-17,URBANA,027_ZW Parque Alfonso Bonilla Aragón,14,MR76,8,367394,"36,7",False,Laboral,Miércoles,341.674,-7.648.181
2024-01-18,URBANA,027_ZW Parque Alfonso Bonilla Aragón,14,MR76,61,1393874,"116,2",False,Laboral,Jueves,341.674,-7.648.181
2024-01-19,URBANA,027_ZW Parque Alfonso Bonilla Aragón,14,MR76,17,1502749,"97,9",False,Laboral,Viernes,341.674,-7.648.181
2024-01-20,URBANA,027_ZW Parque Alfonso Bonilla Aragón,14,MR76,6,322586,"24,9",False,Fin de Semana,Sábado,341.674,-7.648.181
2024-01-21,URBANA,027_ZW Parque Alfonso Bonilla Aragón,14,MR76,5,150520,"11,6",False,Fin de Semana,Domingo,341.674,-7.648.181
2024-01-22,URBANA,027_ZW Parque Alfonso Bonilla Aragón,14,MR76,33,1565871,"149,3",False,Laboral,Lunes,341.674,-7.648.181
2024-01-23,URBANA,027_ZW Parque Alfonso Bonilla Aragón,14,MR76,41,3629421,"336,1",False,Laboral,Martes,341.674,-7.648.181
2024-01-24,URBANA,027_ZW Parque Alfonso Bonilla Aragón,14,MR76,38,4907796,"392,4",False,Laboral,Miércoles,341.674,-7.648.181
2024-01-25,URBANA,027_ZW Parque Alfonso Bonilla Aragón,14,MR76,44,4562586,"305,2",False,Laboral,Jueves,341.674,-7.648.181
2024-01-26,URBANA,027_ZW Parque Alfonso Bonilla Aragón,14,MR76,44,4605549,"334,3",False,Laboral,Viernes,341.674,-7.648.181
2024-01-27,URBANA,027_ZW Parque Alfonso Bonilla Aragón,14,MR76,36,3757638,"302,7",False,Fin de Semana,Sábado,341.674,-7.648.181
2024-01-28,URBANA,027_ZW Parque Alfonso Bonilla Aragón,14,MR76,31,147725,"14,4",False,Fin de Semana,Domingo,341.674,-7.648.181
2024-01-29,URBANA,027_ZW Parque Alfonso Bonilla Aragón,14,MR76,57,10516,"0,9",False,Laboral,Lunes,341.674,-7.648.181
2024-01-30,URBANA,027_ZW Parque Alfonso Bonilla Aragón,14,MR76,65,13223,"1,5",False,Laboral,Martes,341.674,-7.648.181
2024-01-31,URBANA,027_ZW Parque Alfonso Bonilla Aragón,14,MR76,37,3786,"0,4",False,Laboral,Miércoles,341.674,-7.648.181
2024-02-01,URBANA,027_ZW Parque Alfonso Bonilla Aragón,14,MR76,55,12169,"0,9",False,Laboral,Jueves,341.674,-7.648.181
2024-02-02,URBANA,027_ZW Parque Alfonso Bonilla Aragón,14,MR76,24,3649,"0,4",False,Laboral,Viernes,341.674,-7.648.181
2024-02-03,URBANA,027_ZW Parque Alfonso Bonilla Aragón,14,MR76,42,5535,"0,3",False,Fin de Semana,Sábado,341.674,-7.648.181
2024-02-04,URBANA,027_ZW Parque Alfonso Bonilla Aragón,14,MR76,31,877081,"54,8",False,Fin de Semana,Domingo,341.674,-7.648.181
2024-02-05,URBANA,027_ZW Parque Alfonso Bonilla Aragón,14,MR76,30,1021079,"67,8",False,Laboral,Lunes,341.674,-7.648.181
2024-02-06,URBANA,027_ZW Parque Alfonso Bonilla Aragón,14,MR76,50,3969893,"265,7",False,Laboral,Martes,341.674,-7.648.181
2024-02-07,URBANA,027_ZW Parque Alfonso Bonilla Aragón,14,MR76,41,4567617,"276,7",False,Laboral,Miércoles,341.674,-7.648.181
2024-02-08,URBANA,027_ZW Parque Alfonso Bonilla Aragón,14,MR76,52,1263574,93,False,Laboral,Jueves,341.674,-7.648.181
2024-02-09,URBANA,027_ZW Parque Alfonso Bonilla Aragón,14,MR76,50,6570,"0,5",False,Laboral,Viernes,341.674,-7.648.181
2024-02-10,URBANA,027_ZW Parque Alfonso Bonilla Aragón,14,MR76,36,49156,"3,1",False,Fin de Semana,Sábado,341.674,-7.648.181
2024-02-11,URBANA,027_ZW Parque Alfonso Bonilla Aragón,14,MR76,35,2559,"0,2",False,Fin de Semana,Domingo,341.674,-7.648.181
2024-02-12,URBANA,027_ZW Parque Alfonso Bonilla Aragón,14,MR76,53,24110,"2,3",False,Laboral,Lunes,341.674,-7.648.181
2024-02-13,URBANA,027_ZW Parque Alfonso Bonilla Aragón,14,MR76,30,3435,"0,4",False,Laboral,Martes,341.674,-7.648.181
2024-02-14,URBANA,027_ZW Parque Alfonso Bonilla Aragón,14,MR76,56,21889,"2,9",False,Laboral,Miércoles,341.674,-7.648.181
2024-02-15,URBANA,027_ZW Parque Alfonso Bonilla Aragón,14,MR76,31,2705,"0,2",False,Laboral,Jueves,341.674,-7.648.181
2024-02-16,URBANA,027_ZW Parque Alfonso Bonilla Aragón,14,MR76,31,98398,"9,3",False,Laboral,Viernes,341.674,-7.648.181
2024-02-17,URBANA,027_ZW Parque Alfonso Bonilla Aragón,14,MR76,54,3338,"0,3",False,Fin de Semana,Sábado,341.674,-7.648.181
2024-02-18,URBANA,027_ZW Parque Alfonso Bonilla Aragón,14,MR76,42,6970,"0,5",False,Fin de Semana,Domingo,341.674,-7.648.181
2024-02-19,URBANA,027_ZW Parque Alfonso Bonilla Aragón,14,MR76,27,42354,"2,9",False,Laboral,Lunes,341.674,-7.648.181
2024-02-20,URBANA,027_ZW Parque Alfonso Bonilla Aragón,14,MR76,24,1482,"0,1",False,Laboral,Martes,341.674,-7.648.181
2024-02-21,URBANA,027_ZW Parque Alfonso Bonilla Aragón,14,MR76,39,6765,"0,6",False,Laboral,Miércoles,341.674,-7.648.181
2024-02-22,URBANA,027_ZW Parque Alfonso Bonilla Aragón,14,MR76,35,3957,"0,3",False,Laboral,Jueves,341.674,-7.648.181
2024-02-23,URBANA,027_ZW Parque Alfonso Bonilla Aragón,14,MR76,30,945,"0,1",False,Laboral,Viernes,341.674,-7.648.181
2024-02-24,URBANA,027_ZW Parque Alfonso Bonilla Aragón,14,MR76,35,12654,1,False,Fin de Semana,Sábado,341.674,-7.648.181
2024-02-25,URBANA,027_ZW Parque Alfonso Bonilla Aragón,14,MR76,29,25512,"1,5",False,Fin de Semana,Domingo,341.674,-7.648.181
2024-02-26,URBANA,027_ZW Parque Alfonso Bonilla Aragón,14,MR76,36,15972,"1,4",False,Laboral,Lunes,341.674,-7.648.181
2024-02-27,URBANA,027_ZW Parque Alfonso Bonilla Aragón,14,MR76,46,7931,"0,7",False,Laboral,Martes,341.674,-7.648.181
2024-02-28,URBANA,027_ZW Parque Alfonso Bonilla Aragón,14,MR76,51,3877,"0,2",False,Laboral,Miércoles,341.674,-7.648.181
2024-02-29,URBANA,027_ZW Parque Alfonso Bonilla Aragón,14,MR76,37,3593,"0,5",False,Laboral,Jueves,341.674,-7.648.181
2024-03-01,URBANA,027_ZW Parque Alfonso Bonilla Aragón,14,MR76,28,3594,"0,3",False,Laboral,Viernes,341.674,-7.648.181
2024-03-02,URBANA,027_ZW Parque Alfonso Bonilla Aragón,14,MR76,21,2237,"0,2",False,Fin de Semana,Sábado,341.674,-7.648.181
2024-03-03,URBANA,027_ZW Parque Alfonso Bonilla Aragón,14,MR76,33,5038,"0,4",False,Fin de Semana,Domingo,341.674,-7.648.181
2024-03-04,URBANA,027_ZW Parque Alfonso Bonilla Aragón,14,MR76,34,1509,"0,1",False,Laboral,Lunes,341.674,-7.648.181
2024-03-05,URBANA,027_ZW Parque Alfonso Bonilla Aragón,14,MR76,30,1239656,"89,9",False,Laboral,Martes,341.674,-7.648.181
2024-03-06,URBANA,027_ZW Parque Alfonso Bonilla Aragón,14,MR76,24,503591,"41,6",False,Laboral,Miércoles,341.674,-7.648.181
2024-03-07,URBANA,027_ZW Parque Alfonso Bonilla Aragón,14,MR76,33,1897826,"177,6",False,Laboral,Jueves,341.674,-7.648.181
2024-03-08,URBANA,027_ZW Parque Alfonso Bonilla Aragón,14,MR76,32,865858,"80,9",False,Laboral,Viernes,341.674,-7.648.181
2024-03-09,URBANA,027_ZW Parque Alfonso Bonilla Aragón,14,MR76,23,1344092,136,False,Fin de Semana,Sábado,341.674,-7.648.181
2024-03-10,URBANA,027_ZW Parque Alfonso Bonilla Aragón,14,MR76,34,604085,"63,3",False,Fin de Semana,Domingo,341.674,-7.648.181
2024-03-11,URBANA,027_ZW Parque Alfonso Bonilla Aragón,14,MR76,41,1759227,"187,2",False,Laboral,Lunes,341.674,-7.648.181
2024-03-12,URBANA,027_ZW Parque Alfonso Bonilla Aragón,14,MR76,36,1231473,"139,7",False,Laboral,Martes,341.674,-7.648.181
2024-03-13,URBANA,027_ZW Parque Alfonso Bonilla Aragón,14,MR76,39,1437899,"194,2",False,Laboral,Miércoles,341.674,-7.648.181
2024-03-14,URBANA,027_ZW Parque Alfonso Bonilla Aragón,14,MR76,54,2582507,"266,2",False,Laboral,Jueves,341.674,-7.648.181
2024-03-15,URBANA,027_ZW Parque Alfonso Bonilla Aragón,14,MR76,48,895068,"68,7",False,Laboral,Viernes,341.674,-7.648.181
2024-03-16,URBANA,027_ZW Parque Alfonso Bonilla Aragón,14,MR76,28,2557,"0,2",False,Fin de Semana,Sábado,341.674,-7.648.181
2024-03-17,URBANA,027_ZW Parque Alfonso Bonilla Aragón,14,MR76,28,2222,"0,2",False,Fin de Semana,Domingo,341.674,-7.648.181
2024-03-18,URBANA,027_ZW Parque Alfonso Bonilla Aragón,14,MR76,38,7539,"0,6",False,Laboral,Lunes,341.674,-7.648.181
2024-03-19,URBANA,027_ZW Parque Alfonso Bonilla Aragón,14,MR76,31,3588,"0,5",False,Laboral,Martes,341.674,-7.648.181
2024-03-20,URBANA,027_ZW Parque Alfonso Bonilla Aragón,14,MR76,29,4261,"0,7",False,Laboral,Miércoles,341.674,-7.648.181
2024-03-21,URBANA,027_ZW Parque Alfonso Bonilla Aragón,14,MR76,38,14769,"1,7",False,Laboral,Jueves,341.674,-7.648.181
2024-03-22,URBANA,027_ZW Parque Alfonso Bonilla Aragón,14,MR76,30,32517,"3,3",False,Laboral,Viernes,341.674,-7.648.181
2024-03-23,URBANA,027_ZW Parque Alfonso Bonilla Aragón,14,MR76,37,2922,"0,4",False,Fin de Semana,Sábado,341.674,-7.648.181
2024-03-24,URBANA,027_ZW Parque Alfonso Bonilla Aragón,14,MR76,40,8423,"0,9",True,Festivo,Domingo,341.674,-7.648.181
2024-03-25,URBANA,027_ZW Parque Alfonso Bonilla Aragón,14,MR76,29,3667,"0,5",True,Festivo,Lunes,341.674,-7.648.181
2024-03-26,URBANA,027_ZW Parque Alfonso Bonilla Aragón,14,MR76,26,2178,"0,3",False,Laboral,Martes,341.674,-7.648.181
2024-03-27,URBANA,027_ZW Parque Alfonso Bonilla Aragón,14,MR76,24,5590,"0,7",False,Laboral,Miércoles,341.674,-7.648.181
2024-03-28,URBANA,027_ZW Parque Alfonso Bonilla Aragón,14,MR76,23,3520,"0,6",True,Festivo,Jueves,341.674,-7.648.181
2024-03-29,URBANA,027_ZW Parque Alfonso Bonilla Aragón,14,MR76,28,2744,"0,3",True,Festivo,Viernes,341.674,-7.648.181
2024-03-30,URBANA,027_ZW Parque Alfonso Bonilla Aragón,14,MR76,28,2400,"0,4",False,Fin de Semana,Sábado,341.674,-7.648.181
2024-03-31,URBANA,027_ZW Parque Alfonso Bonilla Aragón,14,MR76,23,2422,"0,3",True,Festivo,Domingo,341.674,-7.648.181
2024-04-01,URBANA,027_ZW Parque Alfonso Bonilla Aragón,14,MR76,37,6595,"0,6",False,Laboral,Lunes,341.674,-7.648.181
2024-04-02,URBANA,027_ZW Parque Alfonso Bonilla Aragón,14,MR76,20,4072,"0,6",False,Laboral,Martes,341.674,-7.648.181
2024-04-03,URBANA,027_ZW Parque Alfonso Bonilla Aragón,14,MR76,25,1538,"0,2",False,Laboral,Miércoles,341.674,-7.648.181
2024-04-04,URBANA,027_ZW Parque Alfonso Bonilla Aragón,14,MR76,30,1587,"0,1",False,Laboral,Jueves,341.674,-7.648.181
2024-04-05,URBANA,027_ZW Parque Alfonso Bonilla Aragón,14,MR76,24,5969,"0,5",False,Laboral,Viernes,341.674,-7.648.181
2024-04-06,URBANA,027_ZW Parque Alfonso Bonilla Aragón,14,MR76,33,2916,"0,2",False,Fin de Semana,Sábado,341.674,-7.648.181
2024-04-07,URBANA,027_ZW Parque Alfonso Bonilla Aragón,14,MR76,24,17467,"1,5",False,Fin de Semana,Domingo,341.674,-7.648.181
2024-04-08,URBANA,027_ZW Parque Alfonso Bonilla Aragón,14,MR76,34,5996,"0,8",False,Laboral,Lunes,341.674,-7.648.181
2024-04-09,URBANA,027_ZW Parque Alfonso Bonilla Aragón,14,MR76,22,2043,"0,3",False,Laboral,Martes,341.674,-7.648.181
2024-04-10,URBANA,027_ZW Parque Alfonso Bonilla Aragón,14,MR76,39,2750,"0,6",False,Laboral,Miércoles,341.674,-7.648.181
2024-04-11,URBANA,027_ZW Parque Alfonso Bonilla Aragón,14,MR76,27,1089,"0,2",False,Laboral,Jueves,341.674,-7.648.181
2024-04-12,URBANA,027_ZW Parque Alfonso Bonilla Aragón,14,MR76,39,5063,"0,7",False,Laboral,Viernes,341.674,-7.648.181
2024-04-13,URBANA,027_ZW Parque Alfonso Bonilla Aragón,14,MR76,35,4049,"0,5",False,Fin de Semana,Sábado,341.674,-7.648.181
2024-04-14,URBANA,027_ZW Parque Alfonso Bonilla Aragón,14,MR76,35,1922,"0,3",False,Fin de Semana,Domingo,341.674,-7.648.181
2024-04-15,URBANA,027_ZW Parque Alfonso Bonilla Aragón,14,MR76,31,111845,"27,9",False,Laboral,Lunes,341.674,-7.648.181
2024-04-16,URBANA,027_ZW Parque Alfonso Bonilla Aragón,14,MR76,28,11652,"2,7",False,Laboral,Martes,341.674,-7.648.181
2024-04-17,URBANA,027_ZW Parque Alfonso Bonilla Aragón,14,MR76,29,3894,1,False,Laboral,Miércoles,341.674,-7.648.181
2024-04-18,URBANA,027_ZW Parque Alfonso Bonilla Aragón,14,MR76,24,2096,"0,7",False,Laboral,Jueves,341.674,-7.648.181
2024-04-19,URBANA,027_ZW Parque Alfonso Bonilla Aragón,14,MR76,20,1290,"0,3",False,Laboral,Viernes,341.674,-7.648.181
2024-04-20,URBANA,027_ZW Parque Alfonso Bonilla Aragón,14,MR76,33,3206,"0,4",False,Fin de Semana,Sábado,341.674,-7.648.181
2024-04-21,URBANA,027_ZW Parque Alfonso Bonilla Aragón,14,MR76,25,1783,"0,3",False,Fin de Semana,Domingo,341.674,-7.648.181
2024-04-22,URBANA,027_ZW Parque Alfonso Bonilla Aragón,14,MR76,24,1902,"0,4",False,Laboral,Lunes,341.674,-7.648.181
2024-04-23,URBANA,027_ZW Parque Alfonso Bonilla Aragón,14,MR76,20,853472,"46,5",False,Laboral,Martes,341.674,-7.648.181
2024-04-24,URBANA,027_ZW Parque Alfonso Bonilla Aragón,14,MR76,20,89645,"4,9",False,Laboral,Miércoles,341.674,-7.648.181
2024-04-25,URBANA,027_ZW Parque Alfonso Bonilla Aragón,14,MR76,23,1607720,"135,5",False,Laboral,Jueves,341.674,-7.648.181
2024-04-26,URBANA,027_ZW Parque Alfonso Bonilla Aragón,14,MR76,25,1293642,"129,1",False,Laboral,Viernes,341.674,-7.648.181
2024-04-27,URBANA,027_ZW Parque Alfonso Bonilla Aragón,14,MR76,27,1836801,"150,6",False,Fin de Semana,Sábado,341.674,-7.648.181
2024-04-28,URBANA,027_ZW Parque Alfonso Bonilla Aragón,14,MR76,29,2348804,"317,9",False,Fin de Semana,Domingo,341.674,-7.648.181
2024-04-29,URBANA,027_ZW Parque Alfonso Bonilla Aragón,14,MR76,36,1413994,"176,6",False,Laboral,Lunes,341.674,-7.648.181
2024-04-30,URBANA,027_ZW Parque Alfonso Bonilla Aragón,14,MR76,43,284540,"45,2",False,Laboral,Martes,341.674,-7.648.181
2024-05-01,URBANA,027_ZW Parque Alfonso Bonilla Aragón,14,MR76,28,6337,"1,2",True,Festivo,Miércoles,341.674,-7.648.181
2024-05-02,URBANA,027_ZW Parque Alfonso Bonilla Aragón,14,MR76,31,1597,"0,3",False,Laboral,Jueves,341.674,-7.648.181
2024-05-03,URBANA,027_ZW Parque Alfonso Bonilla Aragón,14,MR76,26,7973,"1,7",False,Laboral,Viernes,341.674,-7.648.181
2024-05-04,URBANA,027_ZW Parque Alfonso Bonilla Aragón,14,MR76,20,2326,"0,3",False,Fin de Semana,Sábado,341.674,-7.648.181
2024-05-05,URBANA,027_ZW Parque Alfonso Bonilla Aragón,14,MR76,31,4163,"0,7",False,Fin de Semana,Domingo,341.674,-7.648.181
2024-05-06,URBANA,027_ZW Parque Alfonso Bonilla Aragón,14,MR76,35,8375,"1,8",False,Laboral,Lunes,341.674,-7.648.181
2024-05-07,URBANA,027_ZW Parque Alfonso Bonilla Aragón,14,MR76,28,8848,"1,5",False,Laboral,Martes,341.674,-7.648.181
2024-05-08,URBANA,027_ZW Parque Alfonso Bonilla Aragón,14,MR76,22,11105,"1,4",False,Laboral,Miércoles,341.674,-7.648.181
2024-05-09,URBANA,027_ZW Parque Alfonso Bonilla Aragón,14,MR76,25,1524,"0,2",False,Laboral,Jueves,341.674,-7.648.181
2024-05-10,URBANA,027_ZW Parque Alfonso Bonilla Aragón,14,MR76,26,4413,"0,6",False,Laboral,Viernes,341.674,-7.648.181
2024-05-11,URBANA,027_ZW Parque Alfonso Bonilla Aragón,14,MR76,26,3980,"0,5",False,Fin de Semana,Sábado,341.674,-7.648.181
2024-05-12,URBANA,027_ZW Parque Alfonso Bonilla Aragón,14,MR76,39,2596,"0,6",False,Fin de Semana,Domingo,341.674,-7.648.181
2024-05-13,URBANA,027_ZW Parque Alfonso Bonilla Aragón,14,MR76,25,5161,"0,9",True,Festivo,Lunes,341.674,-7.648.181
2024-05-14,URBANA,027_ZW Parque Alfonso Bonilla Aragón,14,MR76,26,3858,"1,8",False,Laboral,Martes,341.674,-7.648.181
2024-05-15,URBANA,027_ZW Parque Alfonso Bonilla Aragón,14,MR76,32,3790,"0,6",False,Laboral,Miércoles,341.674,-7.648.181
2024-05-16,URBANA,027_ZW Parque Alfonso Bonilla Aragón,14,MR76,31,22010,"2,7",False,Laboral,Jueves,341.674,-7.648.181
2024-05-17,URBANA,027_ZW Parque Alfonso Bonilla Aragón,14,MR76,25,6552,"0,6",False,Laboral,Viernes,341.674,-7.648.181
2024-05-18,URBANA,027_ZW Parque Alfonso Bonilla Aragón,14,MR76,25,2546,"0,2",False,Fin de Semana,Sábado,341.674,-7.648.181
2024-05-19,URBANA,027_ZW Parque Alfonso Bonilla Aragón,14,MR76,24,9858,"0,8",False,Fin de Semana,Domingo,341.674,-7.648.181
2024-05-20,URBANA,027_ZW Parque Alfonso Bonilla Aragón,14,MR76,31,720555,"102,3",False,Laboral,Lunes,341.674,-7.648.181
2024-05-21,URBANA,027_ZW Parque Alfonso Bonilla Aragón,14,MR76,30,967674,"124,6",False,Laboral,Martes,341.674,-7.648.181
2024-05-22,URBANA,027_ZW Parque Alfonso Bonilla Aragón,14,MR76,30,68868,"26,7",False,Laboral,Miércoles,341.674,-7.648.181
2024-05-23,URBANA,027_ZW Parque Alfonso Bonilla Aragón,14,MR76,25,763184,"143,7",False,Laboral,Jueves,341.674,-7.648.181
2024-05-24,URBANA,027_ZW Parque Alfonso Bonilla Aragón,14,MR76,26,555997,"117,8",False,Laboral,Viernes,341.674,-7.648.181
2024-05-25,URBANA,027_ZW Parque Alfonso Bonilla Aragón,14,MR76,26,982466,"137,9",False,Fin de Semana,Sábado,341.674,-7.648.181
2024-05-26,URBANA,027_ZW Parque Alfonso Bonilla Aragón,14,MR76,26,742778,"107,5",False,Fin de Semana,Domingo,341.674,-7.648.181
2024-05-27,URBANA,027_ZW Parque Alfonso Bonilla Aragón,14,MR76,38,427584,"50,3",False,Laboral,Lunes,341.674,-7.648.181
2024-05-28,URBANA,027_ZW Parque Alfonso Bonilla Aragón,14,MR76,36,735180,"98,7",False,Laboral,Martes,341.674,-7.648.181
2024-05-29,URBANA,027_ZW Parque Alfonso Bonilla Aragón,14,MR76,17,52985,"10,6",False,Laboral,Miércoles,341.674,-7.648.181
2024-05-30,URBANA,027_ZW Parque Alfonso Bonilla Aragón,14,MR76,28,193956,"16,2",False,Laboral,Jueves,341.674,-7.648.181
2024-05-31,URBANA,027_ZW Parque Alfonso Bonilla Aragón,14,MR76,30,3082,"0,3",False,Laboral,Viernes,341.674,-7.648.181
2024-06-01,URBANA,027_ZW Parque Alfonso Bonilla Aragón,14,MR76,30,961,"0,1",False,Fin de Semana,Sábado,341.674,-7.648.181
2024-06-02,URBANA,027_ZW Parque Alfonso Bonilla Aragón,14,MR76,20,5997,"0,6",False,Fin de Semana,Domingo,341.674,-7.648.181
2024-06-03,URBANA,027_ZW Parque Alfonso Bonilla Aragón,14,MR76,20,1968,"0,3",True,Festivo,Lunes,341.674,-7.648.181
2024-06-04,URBANA,027_ZW Parque Alfonso Bonilla Aragón,14,MR76,22,1578,"0,3",False,Laboral,Martes,341.674,-7.648.181
2024-06-05,URBANA,027_ZW Parque Alfonso Bonilla Aragón,14,MR76,24,4721,"1,7",False,Laboral,Miércoles,341.674,-7.648.181
2024-06-06,URBANA,027_ZW Parque Alfonso Bonilla Aragón,14,MR76,25,1333,"0,2",False,Laboral,Jueves,341.674,-7.648.181
2024-06-07,URBANA,027_ZW Parque Alfonso Bonilla Aragón,14,MR76,34,1974,"0,4",False,Laboral,Viernes,341.674,-7.648.181
2024-06-08,URBANA,027_ZW Parque Alfonso Bonilla Aragón,14,MR76,20,10598,"3,4",False,Fin de Semana,Sábado,341.674,-7.648.181
2024-06-09,URBANA,027_ZW Parque Alfonso Bonilla Aragón,14,MR76,28,1725,"0,6",False,Fin de Semana,Domingo,341.674,-7.648.181
2024-06-10,URBANA,027_ZW Parque Alfonso Bonilla Aragón,14,MR76,22,709,"0,1",True,Festivo,Lunes,341.674,-7.648.181
2024-06-11,URBANA,027_ZW Parque Alfonso Bonilla Aragón,14,MR76,15,1069,"0,2",False,Laboral,Martes,341.674,-7.648.181
2024-06-12,URBANA,027_ZW Parque Alfonso Bonilla Aragón,14,MR76,16,1245,"0,2",False,Laboral,Miércoles,341.674,-7.648.181
2024-06-13,URBANA,027_ZW Parque Alfonso Bonilla Aragón,14,MR76,14,1036,20169800,False,Laboral,Jueves,341.674,-7.648.181
2024-06-14,URBANA,027_ZW Parque Alfonso Bonilla Aragón,14,MR76,26,9393,282316200,False,Laboral,Viernes,341.674,-7.648.181
2024-06-15,URBANA,027_ZW Parque Alfonso Bonilla Aragón,14,MR76,16,627,11248500,False,Fin de Semana,Sábado,341.674,-7.648.181
2024-06-16,URBANA,027_ZW Parque Alfonso Bonilla Aragón,14,MR76,20,2964,53150200,False,Fin de Semana,Domingo,341.674,-7.648.181
2024-06-17,URBANA,027_ZW Parque Alfonso Bonilla Aragón,14,MR76,24,3019,"0,5",False,Laboral,Lunes,341.674,-7.648.181
2024-06-18,URBANA,027_ZW Parque Alfonso Bonilla Aragón,14,MR76,25,4434,"0,7",False,Laboral,Martes,341.674,-7.648.181
2024-06-19,URBANA,027_ZW Parque Alfonso Bonilla Aragón,14,MR76,16,1024,"0,1",False,Laboral,Miércoles,341.674,-7.648.181
2024-06-20,URBANA,027_ZW Parque Alfonso Bonilla Aragón,14,MR76,26,2000,"0,4",False,Laboral,Jueves,341.674,-7.648.181
2024-06-21,URBANA,027_ZW Parque Alfonso Bonilla Aragón,14,MR76,34,2321,"0,4",False,Laboral,Viernes,341.674,-7.648.181
2024-06-22,URBANA,027_ZW Parque Alfonso Bonilla Aragón,14,MR76,29,4784,"0,9",False,Fin de Semana,Sábado,341.674,-7.648.181
2024-06-23,URBANA,027_ZW Parque Alfonso Bonilla Aragón,14,MR76,35,2484,1,False,Fin de Semana,Domingo,341.674,-7.648.181
2024-06-24,URBANA,027_ZW Parque Alfonso Bonilla Aragón,14,MR76,34,1657,"0,3",False,Laboral,Lunes,341.674,-7.648.181
2024-06-25,URBANA,027_ZW Parque Alfonso Bonilla Aragón,14,MR76,33,6256,"1,5",False,Laboral,Martes,341.674,-7.648.181
2024-06-26,URBANA,027_ZW Parque Alfonso Bonilla Aragón,14,MR76,28,986,"0,3",False,Laboral,Miércoles,341.674,-7.648.181
2024-06-27,URBANA,027_ZW Parque Alfonso Bonilla Aragón,14,MR76,26,4537,"1,4",False,Laboral,Jueves,341.674,-7.648.181
2024-06-28,URBANA,027_ZW Parque Alfonso Bonilla Aragón,14,MR76,30,1697,"0,3",False,Laboral,Viernes,341.674,-7.648.181
2024-06-29,URBANA,027_ZW Parque Alfonso Bonilla Aragón,14,MR76,31,1549,"0,3",False,Fin de Semana,Sábado,341.674,-7.648.181
2024-06-30,URBANA,027_ZW Parque Alfonso Bonilla Aragón,14,MR76,32,2358,"0,5",False,Fin de Semana,Domingo,341.674,-7.648.181
2024-07-01,URBANA,027_ZW Parque Alfonso Bonilla Aragón,14,MR76,35,3059,"0,42",True,Festivo,Lunes,341.674,-7.648.181
2024-07-02,URBANA,027_ZW Parque Alfonso Bonilla Aragón,14,MR76,25,197874,"21,31",False,Laboral,Martes,341.674,-7.648.181
2024-07-03,URBANA,027_ZW Parque Alfonso Bonilla Aragón,14,MR76,28,1602,"0,19",False,Laboral,Miércoles,341.674,-7.648.181
2024-07-04,URBANA,027_ZW Parque Alfonso Bonilla Aragón,14,MR76,23,1406,"0,18",False,Laboral,Jueves,341.674,-7.648.181
2024-07-05,URBANA,027_ZW Parque Alfonso Bonilla Aragón,14,MR76,24,2314,"0,27",False,Laboral,Viernes,341.674,-7.648.181
2024-07-06,URBANA,027_ZW Parque Alfonso Bonilla Aragón,14,MR76,27,1546,"0,18",False,Fin de Semana,Sábado,341.674,-7.648.181
2024-07-07,URBANA,027_ZW Parque Alfonso Bonilla Aragón,14,MR76,35,3011,"0,34",False,Fin de Semana,Domingo,341.674,-7.648.181
2024-07-08,URBANA,027_ZW Parque Alfonso Bonilla Aragón,14,MR76,25,1568,"0,28",False,Laboral,Lunes,341.674,-7.648.181
2024-07-09,URBANA,027_ZW Parque Alfonso Bonilla Aragón,14,MR76,26,1337,"0,23",False,Laboral,Martes,341.674,-7.648.181
2024-07-10,URBANA,027_ZW Parque Alfonso Bonilla Aragón,14,MR76,34,1626,"0,24",False,Laboral,Miércoles,341.674,-7.648.181
2024-07-11,URBANA,027_ZW Parque Alfonso Bonilla Aragón,14,MR76,31,1307,"0,18",False,Laboral,Jueves,341.674,-7.648.181
2024-07-12,URBANA,027_ZW Parque Alfonso Bonilla Aragón,14,MR76,23,2151,"0,34",False,Laboral,Viernes,341.674,-7.648.181
2024-07-13,URBANA,027_ZW Parque Alfonso Bonilla Aragón,14,MR76,41,4072,"0,58",False,Fin de Semana,Sábado,341.674,-7.648.181
2024-07-14,URBANA,027_ZW Parque Alfonso Bonilla Aragón,14,MR76,30,10147,"1,6",False,Fin de Semana,Domingo,341.674,-7.648.181
2024-07-15,URBANA,027_ZW Parque Alfonso Bonilla Aragón,14,MR76,32,9659,"1,73",False,Laboral,Lunes,341.674,-7.648.181
2024-07-16,URBANA,027_ZW Parque Alfonso Bonilla Aragón,14,MR76,29,3432,"0,55",False,Laboral,Martes,341.674,-7.648.181
2024-07-17,URBANA,027_ZW Parque Alfonso Bonilla Aragón,14,MR76,33,1715,"0,38",False,Laboral,Miércoles,341.674,-7.648.181
2024-07-18,URBANA,027_ZW Parque Alfonso Bonilla Aragón,14,MR76,37,1409,"0,24",False,Laboral,Jueves,341.674,-7.648.181
2024-07-19,URBANA,027_ZW Parque Alfonso Bonilla Aragón,14,MR76,28,7232,"1,01",False,Laboral,Viernes,341.674,-7.648.181
2024-07-20,URBANA,027_ZW Parque Alfonso Bonilla Aragón,14,MR76,24,1894,"0,24",True,Festivo,Sábado,341.674,-7.648.181
2024-07-21,URBANA,027_ZW Parque Alfonso Bonilla Aragón,14,MR76,36,84080,"12,84",False,Fin de Semana,Domingo,341.674,-7.648.181
2024-07-22,URBANA,027_ZW Parque Alfonso Bonilla Aragón,14,MR76,24,1507388,"216,89",False,Laboral,Lunes,341.674,-7.648.181
2024-07-23,URBANA,027_ZW Parque Alfonso Bonilla Aragón,14,MR76,40,989852,"142,9",False,Laboral,Martes,341.674,-7.648.181
2024-07-24,URBANA,027_ZW Parque Alfonso Bonilla Aragón,14,MR76,46,4913527,"777,35",False,Laboral,Miércoles,341.674,-7.648.181
2024-07-25,URBANA,027_ZW Parque Alfonso Bonilla Aragón,14,MR76,36,705731,"111,63",False,Laboral,Jueves,341.674,-7.648.181
2024-07-26,URBANA,027_ZW Parque Alfonso Bonilla Aragón,14,MR76,41,2558289,"336,95",False,Laboral,Viernes,341.674,-7.648.181
2024-07-27,URBANA,027_ZW Parque Alfonso Bonilla Aragón,14,MR76,34,1166502,"199,5",False,Fin de Semana,Sábado,341.674,-7.648.181
2024-07-28,URBANA,027_ZW Parque Alfonso Bonilla Aragón,14,MR76,32,3891,"0,82",False,Fin de Semana,Domingo,341.674,-7.648.181
2024-07-29,URBANA,027_ZW Parque Alfonso Bonilla Aragón,14,MR76,38,4668,"0,75",False,Laboral,Lunes,341.674,-7.648.181
2024-07-30,URBANA,027_ZW Parque Alfonso Bonilla Aragón,14,MR76,43,4667,"0,68",False,Laboral,Martes,341.674,-7.648.181
2024-07-31,URBANA,027_ZW Parque Alfonso Bonilla Aragón,14,MR76,39,1683,"0,28",False,Laboral,Miércoles,341.674,-7.648.181
2024-08-01,URBANA,027_ZW Parque Alfonso Bonilla Aragón,14,MR76,37,4435,"0,66",False,Laboral,Jueves,341.674,-7.648.181
2024-08-02,URBANA,027_ZW Parque Alfonso Bonilla Aragón,14,MR76,28,3220,"0,54",False,Laboral,Viernes,341.674,-7.648.181
2024-08-03,URBANA,027_ZW Parque Alfonso Bonilla Aragón,14,MR76,33,2938,"0,6",False,Fin de Semana,Sábado,341.674,-7.648.181
2024-08-04,URBANA,027_ZW Parque Alfonso Bonilla Aragón,14,MR76,30,4101,"0,65",False,Fin de Semana,Domingo,341.674,-7.648.181
2024-08-05,URBANA,027_ZW Parque Alfonso Bonilla Aragón,14,MR76,36,132752,"19,18",False,Laboral,Lunes,341.674,-7.648.181
2024-08-06,URBANA,027_ZW Parque Alfonso Bonilla Aragón,14,MR76,35,630247,"60,68",False,Laboral,Martes,341.674,-7.648.181
2024-08-07,URBANA,027_ZW Parque Alfonso Bonilla Aragón,14,MR76,37,1116411,"132,8",True,Festivo,Miércoles,341.674,-7.648.181
2024-08-08,URBANA,027_ZW Parque Alfonso Bonilla Aragón,14,MR76,35,770722,"96,7",False,Laboral,Jueves,341.674,-7.648.181
2024-08-09,URBANA,027_ZW Parque Alfonso Bonilla Aragón,14,MR76,31,536656,"99,04",False,Laboral,Viernes,341.674,-7.648.181
2024-08-10,URBANA,027_ZW Parque Alfonso Bonilla Aragón,14,MR76,30,485283,"91,85",False,Fin de Semana,Sábado,341.674,-7.648.181
2024-08-11,URBANA,027_ZW Parque Alfonso Bonilla Aragón,14,MR76,32,1569443,"272,37",False,Fin de Semana,Domingo,341.674,-7.648.181
2024-08-12,URBANA,027_ZW Parque Alfonso Bonilla Aragón,14,MR76,28,1319108,"282,76",False,Laboral,Lunes,341.674,-7.648.181
2024-08-13,URBANA,027_ZW Parque Alfonso Bonilla Aragón,14,MR76,35,2342092,"265,1",False,Laboral,Martes,341.674,-7.648.181
2024-08-14,URBANA,027_ZW Parque Alfonso Bonilla Aragón,14,MR76,32,748279,"99,31",False,Laboral,Miércoles,341.674,-7.648.181
2024-08-15,URBANA,027_ZW Parque Alfonso Bonilla Aragón,14,MR76,34,2615261,"392,63",False,Laboral,Jueves,341.674,-7.648.181
2024-08-16,URBANA,027_ZW Parque Alfonso Bonilla Aragón,14,MR76,22,1659,"0,23",False,Laboral,Viernes,341.674,-7.648.181
2024-08-17,URBANA,027_ZW Parque Alfonso Bonilla Aragón,14,MR76,27,2347,"0,34",False,Fin de Semana,Sábado,341.674,-7.648.181
2024-08-18,URBANA,027_ZW Parque Alfonso Bonilla Aragón,14,MR76,44,3716,"0,56",False,Fin de Semana,Domingo,341.674,-7.648.181
2024-08-19,URBANA,027_ZW Parque Alfonso Bonilla Aragón,14,MR76,27,4631,"0,64",True,Festivo,Lunes,341.674,-7.648.181
2024-08-20,URBANA,027_ZW Parque Alfonso Bonilla Aragón,14,MR76,33,2497,"0,62",False,Laboral,Martes,341.674,-7.648.181
2024-08-21,URBANA,027_ZW Parque Alfonso Bonilla Aragón,14,MR76,30,2874,"0,84",False,Laboral,Miércoles,341.674,-7.648.181
2024-10-24,URBANA,027_ZW Parque Alfonso Bonilla Aragón,14,MR76,27,588248,"1269,2",False,Laboral,Jueves,341.674,-7.648.181
2024-10-25,URBANA,027_ZW Parque Alfonso Bonilla Aragón,14,MR76,38,210543,"47,03",False,Laboral,Viernes,341.674,-7.648.181
2024-10-26,URBANA,027_ZW Parque Alfonso Bonilla Aragón,14,MR76,35,903404,"116,99",False,Fin de Semana,Sábado,341.674,-7.648.181
2024-10-27,URBANA,027_ZW Parque Alfonso Bonilla Aragón,14,MR76,30,1178733,"118,41",False,Fin de Semana,Domingo,341.674,-7.648.181
2024-10-28,URBANA,027_ZW Parque Alfonso Bonilla Aragón,14,MR76,18,351205,"58,32",False,Laboral,Lunes,341.674,-7.648.181
2024-10-29,URBANA,027_ZW Parque Alfonso Bonilla Aragón,14,MR76,19,41642,"6,57",False,Laboral,Martes,341.674,-7.648.181
2024-10-30,URBANA,027_ZW Parque Alfonso Bonilla Aragón,14,MR76,19,1834003,"374,35",False,Laboral,Miércoles,341.674,-7.648.181
2024-10-31,URBANA,027_ZW Parque Alfonso Bonilla Aragón,14,MR76,30,870807,"185,61",False,Laboral,Jueves,341.674,-7.648.181
2024-11-01,URBANA,027_ZW Parque Alfonso Bonilla Aragón,14,MR76,28,1366998,"247,2",False,Laboral,Viernes,341.674,-7.648.181
2024-11-02,URBANA,027_ZW Parque Alfonso Bonilla Aragón,14,MR76,30,1392739,"224,14",False,Fin de Semana,Sábado,341.674,-7.648.181
2024-11-03,URBANA,027_ZW Parque Alfonso Bonilla Aragón,14,MR76,20,1105331,"187,9",False,Fin de Semana,Domingo,341.674,-7.648.181
2024-11-04,URBANA,027_ZW Parque Alfonso Bonilla Aragón,14,MR76,18,851775,"128,4",True,Festivo,Lunes,341.674,-7.648.181
2024-11-05,URBANA,027_ZW Parque Alfonso Bonilla Aragón,14,MR76,36,700896,"95,99",False,Laboral,Martes,341.674,-7.648.181
2024-11-06,URBANA,027_ZW Parque Alfonso Bonilla Aragón,14,MR76,20,229156,"36,6",False,Laboral,Miércoles,341.674,-7.648.181
2024-11-07,URBANA,027_ZW Parque Alfonso Bonilla Aragón,14,MR76,37,328916,"36,98",False,Laboral,Jueves,341.674,-7.648.181
2024-11-08,URBANA,027_ZW Parque Alfonso Bonilla Aragón,14,MR76,40,213291,"17,25",False,Laboral,Viernes,341.674,-7.648.181
2024-11-09,URBANA,027_ZW Parque Alfonso Bonilla Aragón,14,MR76,34,767007,"46,06",False,Fin de Semana,Sábado,341.674,-7.648.181
2024-11-10,URBANA,027_ZW Parque Alfonso Bonilla Aragón,14,MR76,37,520364,"26,86",False,Fin de Semana,Domingo,341.674,-7.648.181
2024-11-11,URBANA,027_ZW Parque Alfonso Bonilla Aragón,14,MR76,44,1130864,"64,39",True,Festivo,Lunes,341.674,-7.648.181
2024-11-12,URBANA,027_ZW Parque Alfonso Bonilla Aragón,14,MR76,33,2931187,"153,35",False,Laboral,Martes,341.674,-7.648.181
2024-11-13,URBANA,027_ZW Parque Alfonso Bonilla Aragón,14,MR76,40,1212907,"74,87",False,Laboral,Miércoles,341.674,-7.648.181
2024-11-14,URBANA,027_ZW Parque Alfonso Bonilla Aragón,14,MR76,41,1711516,"89,16",False,Laboral,Jueves,341.674,-7.648.181
2024-11-15,URBANA,027_ZW Parque Alfonso Bonilla Aragón,14,MR76,24,3719354,"204,18",False,Laboral,Viernes,341.674,-7.648.181
2024-11-16,URBANA,027_ZW Parque Alfonso Bonilla Aragón,14,MR76,40,2798785,152,False,Fin de Semana,Sábado,341.674,-7.648.181
2024-11-17,URBANA,027_ZW Parque Alfonso Bonilla Aragón,14,MR76,39,1312482,"76,4",False,Fin de Semana,Domingo,341.674,-7.648.181
2024-11-18,URBANA,027_ZW Parque Alfonso Bonilla Aragón,14,MR76,37,1646806,"102,45",False,Laboral,Lunes,341.674,-7.648.181
2024-11-19,URBANA,027_ZW Parque Alfonso Bonilla Aragón,14,MR76,36,986344,"61,74",False,Laboral,Martes,341.674,-7.648.181
2024-11-20,URBANA,027_ZW Parque Alfonso Bonilla Aragón,14,MR76,43,2030539,"106,41",False,Laboral,Miércoles,341.674,-7.648.181
2024-11-21,URBANA,027_ZW Parque Alfonso Bonilla Aragón,14,MR76,37,294719,"16,32",False,Laboral,Jueves,341.674,-7.648.181
2024-11-22,URBANA,027_ZW Parque Alfonso Bonilla Aragón,14,MR76,38,4111633,"203,67",False,Laboral,Viernes,341.674,-7.648.181
2024-11-23,URBANA,027_ZW Parque Alfonso Bonilla Aragón,14,MR76,39,4295882,"224,16",False,Fin de Semana,Sábado,341.674,-7.648.181
2024-11-24,URBANA,027_ZW Parque Alfonso Bonilla Aragón,14,MR76,30,111264,"15,03",False,Fin de Semana,Domingo,341.674,-7.648.181
2024-11-25,URBANA,027_ZW Parque Alfonso Bonilla Aragón,14,MR76,13,160466,"39,02",False,Laboral,Lunes,341.674,-7.648.181
2024-11-26,URBANA,027_ZW Parque Alfonso Bonilla Aragón,14,MR76,22,531730,"67,52",False,Laboral,Martes,341.674,-7.648.181
2024-11-27,URBANA,027_ZW Parque Alfonso Bonilla Aragón,14,MR76,35,1566384,"80,66",False,Laboral,Miércoles,341.674,-7.648.181
2024-11-28,URBANA,027_ZW Parque Alfonso Bonilla Aragón,14,MR76,31,2789492,"132,48",False,Laboral,Jueves,341.674,-7.648.181
2024-11-29,URBANA,027_ZW Parque Alfonso Bonilla Aragón,14,MR76,38,1323835,"59,57",False,Laboral,Viernes,341.674,-7.648.181
2024-11-30,URBANA,027_ZW Parque Alfonso Bonilla Aragón,14,MR76,39,3284360,"144,09",False,Fin de Semana,Sábado,341.674,-7.648.181
2024-12-01,URBANA,027_ZW Parque Alfonso Bonilla Aragón,14,MR76,43,3091003,"127,9",False,Fin de Semana,Domingo,341.674,-7.648.181
2024-12-02,URBANA,027_ZW Parque Alfonso Bonilla Aragón,14,MR76,46,2405881,"115,3",False,Laboral,Lunes,341.674,-7.648.181
2024-12-03,URBANA,027_ZW Parque Alfonso Bonilla Aragón,14,MR76,39,1811349,"97,02",False,Laboral,Martes,341.674,-7.648.181
2024-12-04,URBANA,027_ZW Parque Alfonso Bonilla Aragón,14,MR76,35,2950309,"127,74",False,Laboral,Miércoles,341.674,-7.648.181
2024-12-05,URBANA,027_ZW Parque Alfonso Bonilla Aragón,14,MR76,35,1712029,"74,62",False,Laboral,Jueves,341.674,-7.648.181
2024-12-06,URBANA,027_ZW Parque Alfonso Bonilla Aragón,14,MR76,40,712272,"31,68",False,Laboral,Viernes,341.674,-7.648.181
2024-12-07,URBANA,027_ZW Parque Alfonso Bonilla Aragón,14,MR76,39,1242250,"60,55",False,Fin de Semana,Sábado,341.674,-7.648.181
2024-12-08,URBANA,027_ZW Parque Alfonso Bonilla Aragón,14,MR76,36,1093197,"41,17",True,Festivo,Domingo,341.674,-7.648.181
2024-12-09,URBANA,027_ZW Parque Alfonso Bonilla Aragón,14,MR76,42,2516234,"93,3",False,Laboral,Lunes,341.674,-7.648.181
2024-12-10,URBANA,027_ZW Parque Alfonso Bonilla Aragón,14,MR76,32,5134271,"169,54",False,Laboral,Martes,341.674,-7.648.181
2024-12-11,URBANA,027_ZW Parque Alfonso Bonilla Aragón,14,MR76,49,929749,"30,84",False,Laboral,Miércoles,341.674,-7.648.181
2024-12-12,URBANA,027_ZW Parque Alfonso Bonilla Aragón,14,MR76,39,1665252,"48,53",False,Laboral,Jueves,341.674,-7.648.181
2024-12-13,URBANA,027_ZW Parque Alfonso Bonilla Aragón,14,MR76,43,1665938,"49,1",False,Laboral,Viernes,341.674,-7.648.181
2024-12-14,URBANA,027_ZW Parque Alfonso Bonilla Aragón,14,MR76,36,816862,"26,89",False,Fin de Semana,Sábado,341.674,-7.648.181
2024-12-15,URBANA,027_ZW Parque Alfonso Bonilla Aragón,14,MR76,41,1102244,"37,21",False,Fin de Semana,Domingo,341.674,-7.648.181
2024-12-16,URBANA,027_ZW Parque Alfonso Bonilla Aragón,14,MR76,29,2450071,"73,67",False,Laboral,Lunes,341.674,-7.648.181
2024-12-17,URBANA,027_ZW Parque Alfonso Bonilla Aragón,14,MR76,31,481589,"15,7",False,Laboral,Martes,341.674,-7.648.181
2024-12-18,URBANA,027_ZW Parque Alfonso Bonilla Aragón,14,MR76,31,1787403,"56,6",False,Laboral,Miércoles,341.674,-7.648.181
2024-12-19,URBANA,027_ZW Parque Alfonso Bonilla Aragón,14,MR76,42,1913118,"67,3",False,Laboral,Jueves,341.674,-7.648.181
2024-12-20,URBANA,027_ZW Parque Alfonso Bonilla Aragón,14,MR76,48,4743447,156,False,Laboral,Viernes,341.674,-7.648.181
2024-12-21,URBANA,027_ZW Parque Alfonso Bonilla Aragón,14,MR76,42,2917549,112,False,Fin de Semana,Sábado,341.674,-7.648.181
2024-12-22,URBANA,027_ZW Parque Alfonso Bonilla Aragón,14,MR76,40,2501075,"78,1",False,Fin de Semana,Domingo,341.674,-7.648.181
2024-12-23,URBANA,027_ZW Parque Alfonso Bonilla Aragón,14,MR76,33,473111,"18,9",False,Laboral,Lunes,341.674,-7.648.181
2024-12-24,URBANA,027_ZW Parque Alfonso Bonilla Aragón,14,MR76,22,1439022,"60,2",False,Laboral,Martes,341.674,-7.648.181
2024-12-25,URBANA,027_ZW Parque Alfonso Bonilla Aragón,14,MR76,24,1115319,"39,5",True,Festivo,Miércoles,341.674,-7.648.181
2024-12-26,URBANA,027_ZW Parque Alfonso Bonilla Aragón,14,MR76,21,1162571,"42,5",False,Laboral,Jueves,341.674,-7.648.181
2024-12-27,URBANA,027_ZW Parque Alfonso Bonilla Aragón,14,MR76,20,2951326,"90,5",False,Laboral,Viernes,341.674,-7.648.181
2024-12-28,URBANA,027_ZW Parque Alfonso Bonilla Aragón,14,MR76,27,2564818,109,False,Fin de Semana,Sábado,341.674,-7.648.181
2024-12-29,URBANA,027_ZW Parque Alfonso Bonilla Aragón,14,MR76,30,702249,"21,7",False,Fin de Semana,Domingo,341.674,-7.648.181
2024-12-30,URBANA,027_ZW Parque Alfonso Bonilla Aragón,14,MR76,28,5170086,211,False,Laboral,Lunes,341.674,-7.648.181
2024-12-31,RURAL,027_ZW Parque Alfonso Bonilla Aragón,14,MR76,36,2326837,125,False,Laboral,Martes,341.674,-7.648.181
2025-01-01,URBANA,027_ZW Parque Alfonso Bonilla Aragón,14,MR76,30,1415345,96,True,Festivo,Miércoles,341.674,-7.648.181
2025-01-02,URBANA,027_ZW Parque Alfonso Bonilla Aragón,14,MR76,33,3364984,121,False,Laboral,Jueves,341.674,-7.648.181
2025-01-03,URBANA,027_ZW Parque Alfonso Bonilla Aragón,14,MR76,28,2155724,81,False,Laboral,Viernes,341.674,-7.648.181
2025-01-04,URBANA,027_ZW Parque Alfonso Bonilla Aragón,14,MR76,27,209530,8,False,Fin de Semana,Sábado,341.674,-7.648.181
2025-01-05,URBANA,027_ZW Parque Alfonso Bonilla Aragón,14,MR76,42,4254886,130,False,Fin de Semana,Domingo,341.674,-7.648.181
2025-01-06,URBANA,027_ZW Parque Alfonso Bonilla Aragón,14,MR76,46,9946899,266,True,Festivo,Lunes,341.674,-7.648.181
2025-01-07,URBANA,027_ZW Parque Alfonso Bonilla Aragón,14,MR76,42,11051366,334,False,Laboral,Martes,341.674,-7.648.181
2025-01-08,URBANA,027_ZW Parque Alfonso Bonilla Aragón,14,MR76,51,7105846,206,False,Laboral,Miércoles,341.674,-7.648.181
2025-01-09,URBANA,027_ZW Parque Alfonso Bonilla Aragón,14,MR76,47,8115819,233,False,Laboral,Jueves,341.674,-7.648.181
2025-01-10,URBANA,027_ZW Parque Alfonso Bonilla Aragón,14,MR76,21,694814,19,False,Laboral,Viernes,341.674,-7.648.181
2025-01-11,URBANA,027_ZW Parque Alfonso Bonilla Aragón,14,MR76,52,5758079,169,False,Fin de Semana,Sábado,341.674,-7.648.181
2025-01-12,URBANA,027_ZW Parque Alfonso Bonilla Aragón,14,MR76,56,9441011,252,False,Fin de Semana,Domingo,341.674,-7.648.181
2025-01-13,URBANA,027_ZW Parque Alfonso Bonilla Aragón,14,MR76,48,6270135,209,False,Laboral,Lunes,341.674,-7.648.181
2025-01-14,URBANA,027_ZW Parque Alfonso Bonilla Aragón,14,MR76,42,4816961,159,False,Laboral,Martes,341.674,-7.648.181
2025-01-15,URBANA,027_ZW Parque Alfonso Bonilla Aragón,14,MR76,48,7347321,254,False,Laboral,Miércoles,341.674,-7.648.181
2025-01-16,URBANA,027_ZW Parque Alfonso Bonilla Aragón,14,MR76,27,833344,26,False,Laboral,Jueves,341.674,-7.648.181
2025-01-17,URBANA,027_ZW Parque Alfonso Bonilla Aragón,14,MR76,31,4168420,137,False,Laboral,Viernes,341.674,-7.648.181
2025-01-18,URBANA,027_ZW Parque Alfonso Bonilla Aragón,14,MR76,39,2015152,66,False,Fin de Semana,Sábado,341.674,-7.648.181
2025-01-19,URBANA,027_ZW Parque Alfonso Bonilla Aragón,14,MR76,44,4603533,142,False,Fin de Semana,Domingo,341.674,-7.648.181
2025-01-20,URBANA,027_ZW Parque Alfonso Bonilla Aragón,14,MR76,39,5274407,163,False,Laboral,Lunes,341.674,-7.648.181
2025-01-21,URBANA,027_ZW Parque Alfonso Bonilla Aragón,14,MR76,40,9683815,269,False,Laboral,Martes,341.674,-7.648.181
2025-01-22,URBANA,027_ZW Parque Alfonso Bonilla Aragón,14,MR76,23,3063747,91,False,Laboral,Miércoles,341.674,-7.648.181
2025-01-23,URBANA,027_ZW Parque Alfonso Bonilla Aragón,14,MR76,32,2601445,65,False,Laboral,Jueves,341.674,-7.648.181
2025-01-24,URBANA,027_ZW Parque Alfonso Bonilla Aragón,14,MR76,43,11701615,351,False,Laboral,Viernes,341.674,-7.648.181
2025-01-25,URBANA,027_ZW Parque Alfonso Bonilla Aragón,14,MR76,42,4820268,130,False,Fin de Semana,Sábado,341.674,-7.648.181
2025-01-26,URBANA,027_ZW Parque Alfonso Bonilla Aragón,14,MR76,38,5100517,130,False,Fin de Semana,Domingo,341.674,-7.648.181
2025-01-27,URBANA,027_ZW Parque Alfonso Bonilla Aragón,14,MR76,46,3882065,102,False,Laboral,Lunes,341.674,-7.648.181
2025-01-28,URBANA,027_ZW Parque Alfonso Bonilla Aragón,14,MR76,24,2058721,62,False,Laboral,Martes,341.674,-7.648.181
2025-01-29,URBANA,027_ZW Parque Alfonso Bonilla Aragón,14,MR76,37,17173081,474,False,Laboral,Miércoles,341.674,-7.648.181
2025-01-30,URBANA,027_ZW Parque Alfonso Bonilla Aragón,14,MR76,46,7469165,275,False,Laboral,Jueves,341.674,-7.648.181
2025-01-31,URBANA,027_ZW Parque Alfonso Bonilla Aragón,14,MR76,40,1697374,92,False,Laboral,Viernes,341.674,-7.648.181
2025-02-01,URBANA,027_ZW Parque Alfonso Bonilla Aragón,14,MR76,42,1903760,67,False,Fin de Semana,Sábado,341.674,-7.648.181
2025-02-02,URBANA,027_ZW Parque Alfonso Bonilla Aragón,14,MR76,40,1546622,46,False,Fin de Semana,Domingo,341.674,-7.648.181
2025-02-03,URBANA,027_ZW Parque Alfonso Bonilla Aragón,14,MR76,20,528383,20,False,Laboral,Lunes,341.674,-7.648.181
2025-02-04,URBANA,027_ZW Parque Alfonso Bonilla Aragón,14,MR76,35,1918520,68,False,Laboral,Martes,341.674,-7.648.181
2025-02-05,URBANA,027_ZW Parque Alfonso Bonilla Aragón,14,MR76,39,3115545,128,False,Laboral,Miércoles,341.674,-7.648.181
2025-02-06,URBANA,027_ZW Parque Alfonso Bonilla Aragón,14,MR76,48,4264999,157,False,Laboral,Jueves,341.674,-7.648.181
2025-02-07,URBANA,027_ZW Parque Alfonso Bonilla Aragón,14,MR76,37,2206034,75,False,Laboral,Viernes,341.674,-7.648.181
2025-02-08,URBANA,027_ZW Parque Alfonso Bonilla Aragón,14,MR76,38,2074516,78,False,Fin de Semana,Sábado,341.674,-7.648.181
2025-02-09,URBANA,027_ZW Parque Alfonso Bonilla Aragón,14,MR76,19,610354,19,False,Fin de Semana,Domingo,341.674,-7.648.181
2025-02-10,URBANA,027_ZW Parque Alfonso Bonilla Aragón,14,MR76,30,123313,5,False,Laboral,Lunes,341.674,-7.648.181
2025-02-11,URBANA,027_ZW Parque Alfonso Bonilla Aragón,14,MR76,41,2661249,90,False,Laboral,Martes,341.674,-7.648.181
2025-02-12,URBANA,027_ZW Parque Alfonso Bonilla Aragón,14,MR76,37,3884063,118,False,Laboral,Miércoles,341.674,-7.648.181
2025-02-13,URBANA,027_ZW Parque Alfonso Bonilla Aragón,14,MR76,37,5542390,260,False,Laboral,Jueves,341.674,-7.648.181
2025-02-14,URBANA,027_ZW Parque Alfonso Bonilla Aragón,14,MR76,54,6971738,209,False,Laboral,Viernes,341.674,-7.648.181
2025-02-15,URBANA,027_ZW Parque Alfonso Bonilla Aragón,14,MR76,46,3244261,117,False,Fin de Semana,Sábado,341.674,-7.648.181
2025-02-16,URBANA,027_ZW Parque Alfonso Bonilla Aragón,14,MR76,35,1778185,59,False,Fin de Semana,Domingo,341.674,-7.648.181
2025-02-17,URBANA,027_ZW Parque Alfonso Bonilla Aragón,14,MR76,49,4930706,175,False,Laboral,Lunes,341.674,-7.648.181
2025-02-18,URBANA,027_ZW Parque Alfonso Bonilla Aragón,14,MR76,47,5188056,185,False,Laboral,Martes,341.674,-7.648.181
2025-02-19,URBANA,027_ZW Parque Alfonso Bonilla Aragón,14,MR76,39,9856429,314,False,Laboral,Miércoles,341.674,-7.648.181
2025-02-20,URBANA,027_ZW Parque Alfonso Bonilla Aragón,14,MR76,44,4259381,121,False,Laboral,Jueves,341.674,-7.648.181
2025-02-21,URBANA,027_ZW Parque Alfonso Bonilla Aragón,14,MR76,24,995475,34,False,Laboral,Viernes,341.674,-7.648.181
2025-02-22,URBANA,027_ZW Parque Alfonso Bonilla Aragón,14,MR76,30,414467,15,False,Fin de Semana,Sábado,341.674,-7.648.181
2025-02-23,URBANA,027_ZW Parque Alfonso Bonilla Aragón,14,MR76,47,12870769,375,False,Fin de Semana,Domingo,341.674,-7.648.181
2025-02-24,URBANA,027_ZW Parque Alfonso Bonilla Aragón,14,MR76,39,3828153,158,False,Laboral,Lunes,341.674,-7.648.181
2025-02-25,URBANA,027_ZW Parque Alfonso Bonilla Aragón,14,MR76,50,4386132,141,False,Laboral,Martes,341.674,-7.648.181
2025-02-26,URBANA,027_ZW Parque Alfonso Bonilla Aragón,14,MR76,51,3463301,125,False,Laboral,Miércoles,341.674,-7.648.181
2025-02-27,URBANA,027_ZW Parque Alfonso Bonilla Aragón,14,MR76,43,2874017,100,False,Laboral,Jueves,341.674,-7.648.181
2025-02-28,URBANA,027_ZW Parque Alfonso Bonilla Aragón,14,MR76,24,353454,13,False,Laboral,Viernes,341.674,-7.648.181
2025-03-01,URBANA,027_ZW Parque Alfonso Bonilla Aragón,14,MR76,32,2284947,86,False,Fin de Semana,Sábado,341.674,-7.648.181
2025-03-02,URBANA,027_ZW Parque Alfonso Bonilla Aragón,14,MR76,38,2082526,61,False,Fin de Semana,Domingo,341.674,-7.648.181
2025-03-03,URBANA,027_ZW Parque Alfonso Bonilla Aragón,14,MR76,42,5116526,192,False,Laboral,Lunes,341.674,-7.648.181
2025-03-04,URBANA,027_ZW Parque Alfonso Bonilla Aragón,14,MR76,27,1399227,63,False,Laboral,Martes,341.674,-7.648.181
2025-03-05,URBANA,027_ZW Parque Alfonso Bonilla Aragón,14,MR76,41,6101703,216,False,Laboral,Miércoles,341.674,-7.648.181
2025-03-06,URBANA,027_ZW Parque Alfonso Bonilla Aragón,14,MR76,26,890537,29,False,Laboral,Jueves,341.674,-7.648.181
2025-03-07,URBANA,027_ZW Parque Alfonso Bonilla Aragón,14,MR76,41,4047363,145,False,Laboral,Viernes,341.674,-7.648.181
2025-03-08,URBANA,027_ZW Parque Alfonso Bonilla Aragón,14,MR76,32,1790833,52,False,Fin de Semana,Sábado,341.674,-7.648.181
2025-03-09,URBANA,027_ZW Parque Alfonso Bonilla Aragón,14,MR76,43,2211338,69,False,Fin de Semana,Domingo,341.674,-7.648.181
2025-03-10,URBANA,027_ZW Parque Alfonso Bonilla Aragón,14,MR76,43,3727550,108,False,Laboral,Lunes,341.674,-7.648.181
2025-03-11,URBANA,027_ZW Parque Alfonso Bonilla Aragón,14,MR76,22,232122,10,False,Laboral,Martes,341.674,-7.648.181
2025-03-12,URBANA,027_ZW Parque Alfonso Bonilla Aragón,14,MR76,24,2502280,85,False,Laboral,Miércoles,341.674,-7.648.181
2025-03-13,URBANA,027_ZW Parque Alfonso Bonilla Aragón,14,MR76,28,1387881,57,False,Laboral,Jueves,341.674,-7.648.181
2025-03-14,URBANA,027_ZW Parque Alfonso Bonilla Aragón,14,MR76,39,1406439,48,False,Laboral,Viernes,341.674,-7.648.181
2025-03-15,URBANA,027_ZW Parque Alfonso Bonilla Aragón,14,MR76,34,2664833,86,False,Fin de Semana,Sábado,341.674,-7.648.181
2025-03-16,URBANA,027_ZW Parque Alfonso Bonilla Aragón,14,MR76,42,1934164,62,False,Fin de Semana,Domingo,341.674,-7.648.181
2025-03-17,URBANA,027_ZW Parque Alfonso Bonilla Aragón,14,MR76,31,1788075,61,False,Laboral,Lunes,341.674,-7.648.181
2025-03-18,URBANA,027_ZW Parque Alfonso Bonilla Aragón,14,MR76,33,2919970,88,False,Laboral,Martes,341.674,-7.648.181
2025-03-19,URBANA,027_ZW Parque Alfonso Bonilla Aragón,14,MR76,42,3174686,114,False,Laboral,Miércoles,341.674,-7.648.181
2025-03-20,URBANA,027_ZW Parque Alfonso Bonilla Aragón,14,MR76,35,2887516,93,False,Laboral,Jueves,341.674,-7.648.181
2025-03-21,URBANA,027_ZW Parque Alfonso Bonilla Aragón,14,MR76,36,2674975,73,False,Laboral,Viernes,341.674,-7.648.181
2025-03-22,URBANA,027_ZW Parque Alfonso Bonilla Aragón,14,MR76,34,2316287,76,False,Fin de Semana,Sábado,341.674,-7.648.181
2025-03-23,URBANA,027_ZW Parque Alfonso Bonilla Aragón,14,MR76,30,10808377,335,False,Fin de Semana,Domingo,341.674,-7.648.181
2025-03-24,URBANA,027_ZW Parque Alfonso Bonilla Aragón,14,MR76,34,4087580,101,True,Festivo,Lunes,341.674,-7.648.181
2025-03-25,URBANA,027_ZW Parque Alfonso Bonilla Aragón,14,MR76,33,4970816,144,False,Laboral,Martes,341.674,-7.648.181
2025-03-26,URBANA,027_ZW Parque Alfonso Bonilla Aragón,14,MR76,26,2925178,94,False,Laboral,Miércoles,341.674,-7.648.181
2025-03-27,URBANA,027_ZW Parque Alfonso Bonilla Aragón,14,MR76,42,4171185,115,False,Laboral,Jueves,341.674,-7.648.181
2025-03-28,URBANA,027_ZW Parque Alfonso Bonilla Aragón,14,MR76,29,868567,36,False,Laboral,Viernes,341.674,-7.648.181
2025-03-29,URBANA,027_ZW Parque Alfonso Bonilla Aragón,14,MR76,39,1787234,56,False,Fin de Semana,Sábado,341.674,-7.648.181
2025-03-30,URBANA,027_ZW Parque Alfonso Bonilla Aragón,14,MR76,37,2470384,71,False,Fin de Semana,Domingo,341.674,-7.648.181
2025-03-31,URBANA,027_ZW Parque Alfonso Bonilla Aragón,14,MR76,38,736783,24,False,Laboral,Lunes,341.674,-7.648.181
