FECHA.CONEXION,AREA,NOMBRE.ZONA,COMUNA,MODEL,NUMERO.CONEXIONES,USAGE.KB,PORCENTAJE.USO,es_festivo,tipo_dia,dia_semana,LATITUD,LONGITUD
2024-01-01,URBANA,036_ZW Parque India Elena,10,MR76,96,26594,3,True,Festivo,Lunes,342.931,-7.652.441
2024-01-02,URBANA,036_ZW Parque India Elena,10,MR76,54,53449,"6,3",False,Laboral,Martes,342.931,-7.652.441
2024-01-03,URBANA,036_ZW Parque India Elena,10,MR76,61,7405,"0,6",False,Laboral,Miércoles,342.931,-7.652.441
2024-01-04,URBANA,036_ZW Parque India Elena,10,MR76,50,4174,"0,4",False,Laboral,Jueves,342.931,-7.652.441
2024-01-05,URBANA,036_ZW Parque India Elena,10,MR76,65,7922,"0,7",False,Laboral,Viernes,342.931,-7.652.441
2024-01-06,URBANA,036_ZW Parque India Elena,10,MR76,74,10288,"1,3",False,Fin de Semana,Sábado,342.931,-7.652.441
2024-01-07,URBANA,036_ZW Parque India Elena,10,MR76,96,47945,"4,8",False,Fin de Semana,Domingo,342.931,-7.652.441
2024-01-08,URBANA,036_ZW Parque India Elena,10,MR76,71,28634,"1,8",True,Festivo,Lunes,342.931,-7.652.441
2024-01-09,URBANA,036_ZW Parque India Elena,10,MR76,67,16975,"1,3",False,Laboral,Martes,342.931,-7.652.441
2024-01-10,URBANA,036_ZW Parque India Elena,10,MR76,70,420736,"34,9",False,Laboral,Miércoles,342.931,-7.652.441
2024-01-11,URBANA,036_ZW Parque India Elena,10,MR76,70,71959,"6,7",False,Laboral,Jueves,342.931,-7.652.441
2024-01-12,URBANA,036_ZW Parque India Elena,10,MR76,61,121066,"10,4",False,Laboral,Viernes,342.931,-7.652.441
2024-01-13,URBANA,036_ZW Parque India Elena,10,MR76,84,24108,"2,7",False,Fin de Semana,Sábado,342.931,-7.652.441
2024-01-14,URBANA,036_ZW Parque India Elena,10,MR76,75,22542,"2,8",False,Fin de Semana,Domingo,342.931,-7.652.441
2024-01-15,URBANA,036_ZW Parque India Elena,10,MR76,60,68795,"9,9",False,Laboral,Lunes,342.931,-7.652.441
2024-01-16,URBANA,036_ZW Parque India Elena,10,MR76,64,6892,"0,8",False,Laboral,Martes,342.931,-7.652.441
2024-01-17,URBANA,036_ZW Parque India Elena,10,MR76,61,10449,1,False,Laboral,Miércoles,342.931,-7.652.441
2024-01-18,URBANA,036_ZW Parque India Elena,10,MR76,53,6588,"0,5",False,Laboral,Jueves,342.931,-7.652.441
2024-01-19,URBANA,036_ZW Parque India Elena,10,MR76,72,1801068,"117,3",False,Laboral,Viernes,342.931,-7.652.441
2024-01-20,URBANA,036_ZW Parque India Elena,10,MR76,80,1718279,"132,7",False,Fin de Semana,Sábado,342.931,-7.652.441
2024-01-21,URBANA,036_ZW Parque India Elena,10,MR76,77,51832,4,False,Fin de Semana,Domingo,342.931,-7.652.441
2024-01-22,URBANA,036_ZW Parque India Elena,10,MR76,61,5182,"0,5",False,Laboral,Lunes,342.931,-7.652.441
2024-01-23,URBANA,036_ZW Parque India Elena,10,MR76,54,3965880,"367,2",False,Laboral,Martes,342.931,-7.652.441
2024-01-24,URBANA,036_ZW Parque India Elena,10,MR76,74,4447999,"355,6",False,Laboral,Miércoles,342.931,-7.652.441
2024-01-25,URBANA,036_ZW Parque India Elena,10,MR76,78,1086480,"72,7",False,Laboral,Jueves,342.931,-7.652.441
2024-01-26,URBANA,036_ZW Parque India Elena,10,MR76,69,10025508,"727,7",False,Laboral,Viernes,342.931,-7.652.441
2024-01-27,URBANA,036_ZW Parque India Elena,10,MR76,81,1141350,92,False,Fin de Semana,Sábado,342.931,-7.652.441
2024-01-28,URBANA,036_ZW Parque India Elena,10,MR76,89,53598,"5,2",False,Fin de Semana,Domingo,342.931,-7.652.441
2024-01-29,URBANA,036_ZW Parque India Elena,10,MR76,81,62717,"5,4",False,Laboral,Lunes,342.931,-7.652.441
2024-01-30,URBANA,036_ZW Parque India Elena,10,MR76,60,1825191,"201,6",False,Laboral,Martes,342.931,-7.652.441
2024-01-31,URBANA,036_ZW Parque India Elena,10,MR76,82,1326731,127,False,Laboral,Miércoles,342.931,-7.652.441
2024-02-01,URBANA,036_ZW Parque India Elena,10,MR76,70,5708360,"410,4",False,Laboral,Jueves,342.931,-7.652.441
2024-02-02,URBANA,036_ZW Parque India Elena,10,MR76,51,3380317,"353,8",False,Laboral,Viernes,342.931,-7.652.441
2024-02-03,URBANA,036_ZW Parque India Elena,10,MR76,84,3542387,"199,6",False,Fin de Semana,Sábado,342.931,-7.652.441
2024-02-04,URBANA,036_ZW Parque India Elena,10,MR76,84,152401,"9,5",False,Fin de Semana,Domingo,342.931,-7.652.441
2024-02-05,URBANA,036_ZW Parque India Elena,10,MR76,58,9131,"0,6",False,Laboral,Lunes,342.931,-7.652.441
2024-02-06,URBANA,036_ZW Parque India Elena,10,MR76,77,52439,"3,5",False,Laboral,Martes,342.931,-7.652.441
2024-02-07,URBANA,036_ZW Parque India Elena,10,MR76,89,57593,"3,5",False,Laboral,Miércoles,342.931,-7.652.441
2024-02-08,URBANA,036_ZW Parque India Elena,10,MR76,64,112545,"8,3",False,Laboral,Jueves,342.931,-7.652.441
2024-02-09,URBANA,036_ZW Parque India Elena,10,MR76,64,56768,"4,7",False,Laboral,Viernes,342.931,-7.652.441
2024-02-10,URBANA,036_ZW Parque India Elena,10,MR76,95,18136,"1,1",False,Fin de Semana,Sábado,342.931,-7.652.441
2024-02-11,URBANA,036_ZW Parque India Elena,10,MR76,94,67703,5,False,Fin de Semana,Domingo,342.931,-7.652.441
2024-02-12,URBANA,036_ZW Parque India Elena,10,MR76,74,15368,"1,5",False,Laboral,Lunes,342.931,-7.652.441
2024-02-13,URBANA,036_ZW Parque India Elena,10,MR76,67,21298,"2,5",False,Laboral,Martes,342.931,-7.652.441
2024-02-14,URBANA,036_ZW Parque India Elena,10,MR76,69,12532,"1,7",False,Laboral,Miércoles,342.931,-7.652.441
2024-02-15,URBANA,036_ZW Parque India Elena,10,MR76,61,9789,"0,8",False,Laboral,Jueves,342.931,-7.652.441
2024-02-16,URBANA,036_ZW Parque India Elena,10,MR76,53,12510,"1,2",False,Laboral,Viernes,342.931,-7.652.441
2024-02-17,URBANA,036_ZW Parque India Elena,10,MR76,93,22532,"2,1",False,Fin de Semana,Sábado,342.931,-7.652.441
2024-02-18,URBANA,036_ZW Parque India Elena,10,MR76,90,51134,4,False,Fin de Semana,Domingo,342.931,-7.652.441
2024-02-19,URBANA,036_ZW Parque India Elena,10,MR76,55,83164,"5,7",False,Laboral,Lunes,342.931,-7.652.441
2024-02-20,URBANA,036_ZW Parque India Elena,10,MR76,72,5297,"0,4",False,Laboral,Martes,342.931,-7.652.441
2024-02-21,URBANA,036_ZW Parque India Elena,10,MR76,59,23027,2,False,Laboral,Miércoles,342.931,-7.652.441
2024-02-22,URBANA,036_ZW Parque India Elena,10,MR76,60,7884,"0,5",False,Laboral,Jueves,342.931,-7.652.441
2024-02-23,URBANA,036_ZW Parque India Elena,10,MR76,72,12077,"0,8",False,Laboral,Viernes,342.931,-7.652.441
2024-02-24,URBANA,036_ZW Parque India Elena,10,MR76,89,449420,"35,8",False,Fin de Semana,Sábado,342.931,-7.652.441
2024-02-25,URBANA,036_ZW Parque India Elena,10,MR76,84,480596,"27,4",False,Fin de Semana,Domingo,342.931,-7.652.441
2024-02-26,URBANA,036_ZW Parque India Elena,10,MR76,67,1434853,"128,9",False,Laboral,Lunes,342.931,-7.652.441
2024-02-27,URBANA,036_ZW Parque India Elena,10,MR76,83,683495,"58,8",False,Laboral,Martes,342.931,-7.652.441
2024-02-28,URBANA,036_ZW Parque India Elena,10,MR76,56,102819,6,False,Laboral,Miércoles,342.931,-7.652.441
2024-02-29,URBANA,036_ZW Parque India Elena,10,MR76,74,25152,"3,2",False,Laboral,Jueves,342.931,-7.652.441
2024-03-01,URBANA,036_ZW Parque India Elena,10,MR76,78,10996,"0,9",False,Laboral,Viernes,342.931,-7.652.441
2024-03-02,URBANA,036_ZW Parque India Elena,10,MR76,64,2377376,231,False,Fin de Semana,Sábado,342.931,-7.652.441
2024-03-03,URBANA,036_ZW Parque India Elena,10,MR76,82,3108301,223,False,Fin de Semana,Domingo,342.931,-7.652.441
2024-03-04,URBANA,036_ZW Parque India Elena,10,MR76,61,366170,"25,8",False,Laboral,Lunes,342.931,-7.652.441
2024-03-05,URBANA,036_ZW Parque India Elena,10,MR76,60,203097,"14,7",False,Laboral,Martes,342.931,-7.652.441
2024-03-06,URBANA,036_ZW Parque India Elena,10,MR76,55,590816,"48,8",False,Laboral,Miércoles,342.931,-7.652.441
2024-03-07,URBANA,036_ZW Parque India Elena,10,MR76,82,10911,1,False,Laboral,Jueves,342.931,-7.652.441
2024-03-08,URBANA,036_ZW Parque India Elena,10,MR76,68,20058,"1,9",False,Laboral,Viernes,342.931,-7.652.441
2024-03-09,URBANA,036_ZW Parque India Elena,10,MR76,101,368134,"37,2",False,Fin de Semana,Sábado,342.931,-7.652.441
2024-03-10,URBANA,036_ZW Parque India Elena,10,MR76,87,23739,"2,5",False,Fin de Semana,Domingo,342.931,-7.652.441
2024-03-11,URBANA,036_ZW Parque India Elena,10,MR76,88,14555,"1,5",False,Laboral,Lunes,342.931,-7.652.441
2024-03-12,URBANA,036_ZW Parque India Elena,10,MR76,83,7408,"0,8",False,Laboral,Martes,342.931,-7.652.441
2024-03-13,URBANA,036_ZW Parque India Elena,10,MR76,77,13289,"1,8",False,Laboral,Miércoles,342.931,-7.652.441
2024-03-14,URBANA,036_ZW Parque India Elena,10,MR76,71,16092,"1,7",False,Laboral,Jueves,342.931,-7.652.441
2024-03-15,URBANA,036_ZW Parque India Elena,10,MR76,75,17437,"1,3",False,Laboral,Viernes,342.931,-7.652.441
2024-03-16,URBANA,036_ZW Parque India Elena,10,MR76,77,9057,"0,8",False,Fin de Semana,Sábado,342.931,-7.652.441
2024-03-17,URBANA,036_ZW Parque India Elena,10,MR76,108,898185,"69,4",False,Fin de Semana,Domingo,342.931,-7.652.441
2024-03-18,URBANA,036_ZW Parque India Elena,10,MR76,54,10484865,"873,3",False,Laboral,Lunes,342.931,-7.652.441
2024-03-19,URBANA,036_ZW Parque India Elena,10,MR76,69,542451,72,False,Laboral,Martes,342.931,-7.652.441
2024-03-20,URBANA,036_ZW Parque India Elena,10,MR76,65,2260406,"344,8",False,Laboral,Miércoles,342.931,-7.652.441
2024-03-21,URBANA,036_ZW Parque India Elena,10,MR76,59,1258584,"144,1",False,Laboral,Jueves,342.931,-7.652.441
2024-03-22,URBANA,036_ZW Parque India Elena,10,MR76,78,32258,"3,3",False,Laboral,Viernes,342.931,-7.652.441
2024-03-23,URBANA,036_ZW Parque India Elena,10,MR76,71,8175,1,False,Fin de Semana,Sábado,342.931,-7.652.441
2024-03-24,URBANA,036_ZW Parque India Elena,10,MR76,103,11369,"1,2",True,Festivo,Domingo,342.931,-7.652.441
2024-03-25,URBANA,036_ZW Parque India Elena,10,MR76,84,8572,"1,2",True,Festivo,Lunes,342.931,-7.652.441
2024-03-26,URBANA,036_ZW Parque India Elena,10,MR76,65,36469,"4,7",False,Laboral,Martes,342.931,-7.652.441
2024-03-27,URBANA,036_ZW Parque India Elena,10,MR76,81,16675,"2,1",False,Laboral,Miércoles,342.931,-7.652.441
2024-03-28,URBANA,036_ZW Parque India Elena,10,MR76,58,5986,"0,9",True,Festivo,Jueves,342.931,-7.652.441
2024-03-29,URBANA,036_ZW Parque India Elena,10,MR76,65,13784,"1,4",True,Festivo,Viernes,342.931,-7.652.441
2024-03-30,URBANA,036_ZW Parque India Elena,10,MR76,88,11418,"1,8",False,Fin de Semana,Sábado,342.931,-7.652.441
2024-03-31,URBANA,036_ZW Parque India Elena,10,MR76,64,11905,"1,6",True,Festivo,Domingo,342.931,-7.652.441
2024-04-01,URBANA,036_ZW Parque India Elena,10,MR76,60,6119,"0,6",False,Laboral,Lunes,342.931,-7.652.441
2024-04-02,URBANA,036_ZW Parque India Elena,10,MR76,59,319549,"45,4",False,Laboral,Martes,342.931,-7.652.441
2024-04-03,URBANA,036_ZW Parque India Elena,10,MR76,37,660236,"73,3",False,Laboral,Miércoles,342.931,-7.652.441
2024-04-04,URBANA,036_ZW Parque India Elena,10,MR76,60,2110874,"183,6",False,Laboral,Jueves,342.931,-7.652.441
2024-04-05,URBANA,036_ZW Parque India Elena,10,MR76,64,1167539,"103,9",False,Laboral,Viernes,342.931,-7.652.441
2024-04-06,URBANA,036_ZW Parque India Elena,10,MR76,95,9201213,"764,5",False,Fin de Semana,Sábado,342.931,-7.652.441
2024-04-07,URBANA,036_ZW Parque India Elena,10,MR76,95,5644706,"471,9",False,Fin de Semana,Domingo,342.931,-7.652.441
2024-04-08,URBANA,036_ZW Parque India Elena,10,MR76,92,457363,"64,6",False,Laboral,Lunes,342.931,-7.652.441
2024-04-09,URBANA,036_ZW Parque India Elena,10,MR76,82,34176,"4,5",False,Laboral,Martes,342.931,-7.652.441
2024-04-10,URBANA,036_ZW Parque India Elena,10,MR76,68,29509,"6,9",False,Laboral,Miércoles,342.931,-7.652.441
2024-04-11,URBANA,036_ZW Parque India Elena,10,MR76,70,10175,"2,3",False,Laboral,Jueves,342.931,-7.652.441
2024-04-12,URBANA,036_ZW Parque India Elena,10,MR76,100,11519,"1,7",False,Laboral,Viernes,342.931,-7.652.441
2024-04-13,URBANA,036_ZW Parque India Elena,10,MR76,75,16987,2,False,Fin de Semana,Sábado,342.931,-7.652.441
2024-04-14,URBANA,036_ZW Parque India Elena,10,MR76,82,12294,"1,8",False,Fin de Semana,Domingo,342.931,-7.652.441
2024-04-15,URBANA,036_ZW Parque India Elena,10,MR76,64,125324,"31,3",False,Laboral,Lunes,342.931,-7.652.441
2024-04-16,URBANA,036_ZW Parque India Elena,10,MR76,67,5851,"1,4",False,Laboral,Martes,342.931,-7.652.441
2024-04-17,URBANA,036_ZW Parque India Elena,10,MR76,61,6401,"1,7",False,Laboral,Miércoles,342.931,-7.652.441
2024-04-18,URBANA,036_ZW Parque India Elena,10,MR76,60,5461,"1,9",False,Laboral,Jueves,342.931,-7.652.441
2024-04-19,URBANA,036_ZW Parque India Elena,10,MR76,57,4883,"1,2",False,Laboral,Viernes,342.931,-7.652.441
2024-04-20,URBANA,036_ZW Parque India Elena,10,MR76,81,15728,2,False,Fin de Semana,Sábado,342.931,-7.652.441
2024-04-21,URBANA,036_ZW Parque India Elena,10,MR76,69,3031713,"489,9",False,Fin de Semana,Domingo,342.931,-7.652.441
2024-04-22,URBANA,036_ZW Parque India Elena,10,MR76,40,1466959,"315,4",False,Laboral,Lunes,342.931,-7.652.441
2024-04-23,URBANA,036_ZW Parque India Elena,10,MR76,87,834114,"45,4",False,Laboral,Martes,342.931,-7.652.441
2024-04-24,URBANA,036_ZW Parque India Elena,10,MR76,66,1985720,"108,1",False,Laboral,Miércoles,342.931,-7.652.441
2024-04-25,URBANA,036_ZW Parque India Elena,10,MR76,66,832358,"70,1",False,Laboral,Jueves,342.931,-7.652.441
2024-04-26,URBANA,036_ZW Parque India Elena,10,MR76,56,8509,"0,8",False,Laboral,Viernes,342.931,-7.652.441
2024-04-27,URBANA,036_ZW Parque India Elena,10,MR76,59,13514,"1,1",False,Fin de Semana,Sábado,342.931,-7.652.441
2024-04-28,URBANA,036_ZW Parque India Elena,10,MR76,51,14187,"1,9",False,Fin de Semana,Domingo,342.931,-7.652.441
2024-04-29,URBANA,036_ZW Parque India Elena,10,MR76,81,7443,"0,9",False,Laboral,Lunes,342.931,-7.652.441
2024-04-30,URBANA,036_ZW Parque India Elena,10,MR76,82,8014,"1,3",False,Laboral,Martes,342.931,-7.652.441
2024-05-01,URBANA,036_ZW Parque India Elena,10,MR76,72,13735,"2,6",True,Festivo,Miércoles,342.931,-7.652.441
2024-05-02,URBANA,036_ZW Parque India Elena,10,MR76,62,12257,"2,4",False,Laboral,Jueves,342.931,-7.652.441
2024-05-03,URBANA,036_ZW Parque India Elena,10,MR76,51,8094,"1,8",False,Laboral,Viernes,342.931,-7.652.441
2024-05-04,URBANA,036_ZW Parque India Elena,10,MR76,67,9084,"1,3",False,Fin de Semana,Sábado,342.931,-7.652.441
2024-05-05,URBANA,036_ZW Parque India Elena,10,MR76,76,36872,6,False,Fin de Semana,Domingo,342.931,-7.652.441
2024-05-06,URBANA,036_ZW Parque India Elena,10,MR76,56,5934,"1,2",False,Laboral,Lunes,342.931,-7.652.441
2024-05-07,URBANA,036_ZW Parque India Elena,10,MR76,46,4083,"0,7",False,Laboral,Martes,342.931,-7.652.441
2024-05-08,URBANA,036_ZW Parque India Elena,10,MR76,53,10046,"1,3",False,Laboral,Miércoles,342.931,-7.652.441
2024-05-09,URBANA,036_ZW Parque India Elena,10,MR76,43,9265,"1,1",False,Laboral,Jueves,342.931,-7.652.441
2024-05-10,URBANA,036_ZW Parque India Elena,10,MR76,57,8103,1,False,Laboral,Viernes,342.931,-7.652.441
2024-05-11,URBANA,036_ZW Parque India Elena,10,MR76,75,9479,"1,3",False,Fin de Semana,Sábado,342.931,-7.652.441
2024-05-12,URBANA,036_ZW Parque India Elena,10,MR76,97,11334,"2,7",False,Fin de Semana,Domingo,342.931,-7.652.441
2024-05-13,URBANA,036_ZW Parque India Elena,10,MR76,67,17871,"3,2",True,Festivo,Lunes,342.931,-7.652.441
2024-05-14,URBANA,036_ZW Parque India Elena,10,MR76,49,7745,"3,6",False,Laboral,Martes,342.931,-7.652.441
2024-05-15,URBANA,036_ZW Parque India Elena,10,MR76,58,70119,"11,3",False,Laboral,Miércoles,342.931,-7.652.441
2024-05-16,URBANA,036_ZW Parque India Elena,10,MR76,65,7092,"0,9",False,Laboral,Jueves,342.931,-7.652.441
2024-05-17,URBANA,036_ZW Parque India Elena,10,MR76,63,7867,"0,8",False,Laboral,Viernes,342.931,-7.652.441
2024-05-18,URBANA,036_ZW Parque India Elena,10,MR76,110,30700,"2,8",False,Fin de Semana,Sábado,342.931,-7.652.441
2024-05-19,URBANA,036_ZW Parque India Elena,10,MR76,76,14514,"1,2",False,Fin de Semana,Domingo,342.931,-7.652.441
2024-05-20,URBANA,036_ZW Parque India Elena,10,MR76,76,15136,"2,1",False,Laboral,Lunes,342.931,-7.652.441
2024-05-21,URBANA,036_ZW Parque India Elena,10,MR76,63,9151,"1,2",False,Laboral,Martes,342.931,-7.652.441
2024-05-22,URBANA,036_ZW Parque India Elena,10,MR76,50,5292,"2,1",False,Laboral,Miércoles,342.931,-7.652.441
2024-05-23,URBANA,036_ZW Parque India Elena,10,MR76,67,5341,1,False,Laboral,Jueves,342.931,-7.652.441
2024-05-24,URBANA,036_ZW Parque India Elena,10,MR76,80,9255,2,False,Laboral,Viernes,342.931,-7.652.441
2024-05-25,URBANA,036_ZW Parque India Elena,10,MR76,78,15707,"2,2",False,Fin de Semana,Sábado,342.931,-7.652.441
2024-05-26,URBANA,036_ZW Parque India Elena,10,MR76,65,27658,4,False,Fin de Semana,Domingo,342.931,-7.652.441
2024-05-27,URBANA,036_ZW Parque India Elena,10,MR76,48,3756,"0,4",False,Laboral,Lunes,342.931,-7.652.441
2024-05-28,URBANA,036_ZW Parque India Elena,10,MR76,56,7141,1,False,Laboral,Martes,342.931,-7.652.441
2024-05-29,URBANA,036_ZW Parque India Elena,10,MR76,47,6893,"1,4",False,Laboral,Miércoles,342.931,-7.652.441
2024-05-30,URBANA,036_ZW Parque India Elena,10,MR76,81,17358,"1,5",False,Laboral,Jueves,342.931,-7.652.441
2024-05-31,URBANA,036_ZW Parque India Elena,10,MR76,62,10046,"1,1",False,Laboral,Viernes,342.931,-7.652.441
2024-06-01,URBANA,036_ZW Parque India Elena,10,MR76,68,14501,"1,4",False,Fin de Semana,Sábado,342.931,-7.652.441
2024-06-02,URBANA,036_ZW Parque India Elena,10,MR76,77,27959,"2,9",False,Fin de Semana,Domingo,342.931,-7.652.441
2024-06-03,URBANA,036_ZW Parque India Elena,10,MR76,73,19140,"2,8",True,Festivo,Lunes,342.931,-7.652.441
2024-06-04,URBANA,036_ZW Parque India Elena,10,MR76,55,11330,"2,5",False,Laboral,Martes,342.931,-7.652.441
2024-06-05,URBANA,036_ZW Parque India Elena,10,MR76,77,6411,"2,2",False,Laboral,Miércoles,342.931,-7.652.441
2024-06-06,URBANA,036_ZW Parque India Elena,10,MR76,69,8833,"1,4",False,Laboral,Jueves,342.931,-7.652.441
2024-06-07,URBANA,036_ZW Parque India Elena,10,MR76,73,15370,"3,2",False,Laboral,Viernes,342.931,-7.652.441
2024-06-08,URBANA,036_ZW Parque India Elena,10,MR76,64,3775,"1,2",False,Fin de Semana,Sábado,342.931,-7.652.441
2024-06-09,URBANA,036_ZW Parque India Elena,10,MR76,83,23669,"8,1",False,Fin de Semana,Domingo,342.931,-7.652.441
2024-06-10,URBANA,036_ZW Parque India Elena,10,MR76,55,8370,"1,5",True,Festivo,Lunes,342.931,-7.652.441
2024-06-11,URBANA,036_ZW Parque India Elena,10,MR76,101,9843,"1,6",False,Laboral,Martes,342.931,-7.652.441
2024-06-12,URBANA,036_ZW Parque India Elena,10,MR76,71,7398,1,False,Laboral,Miércoles,342.931,-7.652.441
2024-06-13,URBANA,036_ZW Parque India Elena,10,MR76,73,15952,310568500,False,Laboral,Jueves,342.931,-7.652.441
2024-06-14,URBANA,036_ZW Parque India Elena,10,MR76,63,6030,181237800,False,Laboral,Viernes,342.931,-7.652.441
2024-06-15,URBANA,036_ZW Parque India Elena,10,MR76,60,13894,24926200,False,Fin de Semana,Sábado,342.931,-7.652.441
2024-06-16,URBANA,036_ZW Parque India Elena,10,MR76,88,14203,254686800,False,Fin de Semana,Domingo,342.931,-7.652.441
2024-06-17,URBANA,036_ZW Parque India Elena,10,MR76,86,10328,"1,7",False,Laboral,Lunes,342.931,-7.652.441
2024-06-18,URBANA,036_ZW Parque India Elena,10,MR76,63,3405,"0,5",False,Laboral,Martes,342.931,-7.652.441
2024-06-19,URBANA,036_ZW Parque India Elena,10,MR76,54,8447,"1,2",False,Laboral,Miércoles,342.931,-7.652.441
2024-06-20,URBANA,036_ZW Parque India Elena,10,MR76,94,5883,"1,2",False,Laboral,Jueves,342.931,-7.652.441
2024-06-21,URBANA,036_ZW Parque India Elena,10,MR76,54,445517,"76,5",False,Laboral,Viernes,342.931,-7.652.441
2024-06-22,URBANA,036_ZW Parque India Elena,10,MR76,111,1102823,"208,7",False,Fin de Semana,Sábado,342.931,-7.652.441
2024-06-23,URBANA,036_ZW Parque India Elena,10,MR76,89,954618,"374,7",False,Fin de Semana,Domingo,342.931,-7.652.441
2024-06-24,URBANA,036_ZW Parque India Elena,10,MR76,82,4583870,"877,9",False,Laboral,Lunes,342.931,-7.652.441
2024-06-25,URBANA,036_ZW Parque India Elena,10,MR76,99,499831,"123,8",False,Laboral,Martes,342.931,-7.652.441
2024-06-26,URBANA,036_ZW Parque India Elena,10,MR76,94,11314,"2,9",False,Laboral,Miércoles,342.931,-7.652.441
2024-06-27,URBANA,036_ZW Parque India Elena,10,MR76,87,6253,"1,9",False,Laboral,Jueves,342.931,-7.652.441
2024-06-28,URBANA,036_ZW Parque India Elena,10,MR76,100,10393,"1,8",False,Laboral,Viernes,342.931,-7.652.441
2024-06-29,URBANA,036_ZW Parque India Elena,10,MR76,132,6271,"1,1",False,Fin de Semana,Sábado,342.931,-7.652.441
2024-06-30,URBANA,036_ZW Parque India Elena,10,MR76,84,28121,6,False,Fin de Semana,Domingo,342.931,-7.652.441
2024-07-01,URBANA,036_ZW Parque India Elena,10,MR76,97,17110,"2,38",True,Festivo,Lunes,342.931,-7.652.441
2024-07-02,URBANA,036_ZW Parque India Elena,10,MR76,106,53309,"5,74",False,Laboral,Martes,342.931,-7.652.441
2024-07-03,URBANA,036_ZW Parque India Elena,10,MR76,81,8760,"1,04",False,Laboral,Miércoles,342.931,-7.652.441
2024-07-04,URBANA,036_ZW Parque India Elena,10,MR76,80,4246,"0,54",False,Laboral,Jueves,342.931,-7.652.441
2024-07-05,URBANA,036_ZW Parque India Elena,10,MR76,77,3608,"0,42",False,Laboral,Viernes,342.931,-7.652.441
2024-07-06,URBANA,036_ZW Parque India Elena,10,MR76,112,23438,"2,78",False,Fin de Semana,Sábado,342.931,-7.652.441
2024-07-07,URBANA,036_ZW Parque India Elena,10,MR76,151,7543815,"855,07",False,Fin de Semana,Domingo,342.931,-7.652.441
2024-07-08,URBANA,036_ZW Parque India Elena,10,MR76,99,1242210,"223,58",False,Laboral,Lunes,342.931,-7.652.441
2024-07-09,URBANA,036_ZW Parque India Elena,10,MR76,100,1132530,"195,02",False,Laboral,Martes,342.931,-7.652.441
2024-07-10,URBANA,036_ZW Parque India Elena,10,MR76,117,2206540,"319,53",False,Laboral,Miércoles,342.931,-7.652.441
2024-07-11,URBANA,036_ZW Parque India Elena,10,MR76,119,777974,"105,43",False,Laboral,Jueves,342.931,-7.652.441
2024-07-12,URBANA,036_ZW Parque India Elena,10,MR76,107,1720119,"271,24",False,Laboral,Viernes,342.931,-7.652.441
2024-07-13,URBANA,036_ZW Parque India Elena,10,MR76,129,25218,"3,58",False,Fin de Semana,Sábado,342.931,-7.652.441
2024-07-14,URBANA,036_ZW Parque India Elena,10,MR76,147,37896,"5,96",False,Fin de Semana,Domingo,342.931,-7.652.441
2024-07-15,URBANA,036_ZW Parque India Elena,10,MR76,104,9320,"1,67",False,Laboral,Lunes,342.931,-7.652.441
2024-07-16,URBANA,036_ZW Parque India Elena,10,MR76,112,35009,"5,57",False,Laboral,Martes,342.931,-7.652.441
2024-07-17,URBANA,036_ZW Parque India Elena,10,MR76,90,13364,"2,95",False,Laboral,Miércoles,342.931,-7.652.441
2024-07-18,URBANA,036_ZW Parque India Elena,10,MR76,97,15921,"2,67",False,Laboral,Jueves,342.931,-7.652.441
2024-07-19,URBANA,036_ZW Parque India Elena,10,MR76,118,13470,"1,88",False,Laboral,Viernes,342.931,-7.652.441
2024-07-20,URBANA,036_ZW Parque India Elena,10,MR76,110,16592,"2,13",True,Festivo,Sábado,342.931,-7.652.441
2024-07-21,URBANA,036_ZW Parque India Elena,10,MR76,141,76181,"11,64",False,Fin de Semana,Domingo,342.931,-7.652.441
2024-07-22,URBANA,036_ZW Parque India Elena,10,MR76,109,7610,"1,09",False,Laboral,Lunes,342.931,-7.652.441
2024-07-23,URBANA,036_ZW Parque India Elena,10,MR76,97,11021,"1,59",False,Laboral,Martes,342.931,-7.652.441
2024-07-24,URBANA,036_ZW Parque India Elena,10,MR76,93,8104,"1,28",False,Laboral,Miércoles,342.931,-7.652.441
2024-07-25,URBANA,036_ZW Parque India Elena,10,MR76,106,11165,"1,77",False,Laboral,Jueves,342.931,-7.652.441
2024-07-26,URBANA,036_ZW Parque India Elena,10,MR76,117,13044,"1,72",False,Laboral,Viernes,342.931,-7.652.441
2024-07-27,URBANA,036_ZW Parque India Elena,10,MR76,105,22215,"3,8",False,Fin de Semana,Sábado,342.931,-7.652.441
2024-07-28,URBANA,036_ZW Parque India Elena,10,MR76,116,25474,"5,39",False,Fin de Semana,Domingo,342.931,-7.652.441
2024-07-29,URBANA,036_ZW Parque India Elena,10,MR76,108,9501,"1,52",False,Laboral,Lunes,342.931,-7.652.441
2024-07-30,URBANA,036_ZW Parque India Elena,10,MR76,94,5400,"0,79",False,Laboral,Martes,342.931,-7.652.441
2024-07-31,URBANA,036_ZW Parque India Elena,10,MR76,95,6389,"1,06",False,Laboral,Miércoles,342.931,-7.652.441
2024-08-01,URBANA,036_ZW Parque India Elena,10,MR76,104,8482,"1,27",False,Laboral,Jueves,342.931,-7.652.441
2024-08-02,URBANA,036_ZW Parque India Elena,10,MR76,114,13886,"2,31",False,Laboral,Viernes,342.931,-7.652.441
2024-08-03,URBANA,036_ZW Parque India Elena,10,MR76,113,33285,"6,78",False,Fin de Semana,Sábado,342.931,-7.652.441
2024-08-04,URBANA,036_ZW Parque India Elena,10,MR76,95,5861,"0,93",False,Fin de Semana,Domingo,342.931,-7.652.441
2024-08-05,URBANA,036_ZW Parque India Elena,10,MR76,78,5686,"0,82",False,Laboral,Lunes,342.931,-7.652.441
2024-08-06,URBANA,036_ZW Parque India Elena,10,MR76,74,9999,"0,96",False,Laboral,Martes,342.931,-7.652.441
2024-08-07,URBANA,036_ZW Parque India Elena,10,MR76,96,21456,"2,55",True,Festivo,Miércoles,342.931,-7.652.441
2024-08-08,URBANA,036_ZW Parque India Elena,10,MR76,110,14735,"1,85",False,Laboral,Jueves,342.931,-7.652.441
2024-08-09,URBANA,036_ZW Parque India Elena,10,MR76,72,6072,"1,12",False,Laboral,Viernes,342.931,-7.652.441
2024-08-10,URBANA,036_ZW Parque India Elena,10,MR76,118,18448,"3,49",False,Fin de Semana,Sábado,342.931,-7.652.441
2024-08-11,URBANA,036_ZW Parque India Elena,10,MR76,113,11804,"2,05",False,Fin de Semana,Domingo,342.931,-7.652.441
2024-08-12,URBANA,036_ZW Parque India Elena,10,MR76,76,8295,"1,78",False,Laboral,Lunes,342.931,-7.652.441
2024-08-13,URBANA,036_ZW Parque India Elena,10,MR76,117,8372,"0,95",False,Laboral,Martes,342.931,-7.652.441
2024-08-14,URBANA,036_ZW Parque India Elena,10,MR76,113,18424,"2,45",False,Laboral,Miércoles,342.931,-7.652.441
2024-08-15,URBANA,036_ZW Parque India Elena,10,MR76,113,16464,"2,47",False,Laboral,Jueves,342.931,-7.652.441
2024-08-16,URBANA,036_ZW Parque India Elena,10,MR76,120,48226,"6,57",False,Laboral,Viernes,342.931,-7.652.441
2024-08-17,URBANA,036_ZW Parque India Elena,10,MR76,123,13493,"1,96",False,Fin de Semana,Sábado,342.931,-7.652.441
2024-08-18,URBANA,036_ZW Parque India Elena,10,MR76,118,25317,"3,83",False,Fin de Semana,Domingo,342.931,-7.652.441
2024-08-19,URBANA,036_ZW Parque India Elena,10,MR76,94,13356,"1,83",True,Festivo,Lunes,342.931,-7.652.441
2024-08-20,URBANA,036_ZW Parque India Elena,10,MR76,96,9541,"2,36",False,Laboral,Martes,342.931,-7.652.441
2024-08-21,URBANA,036_ZW Parque India Elena,10,MR76,90,5923,"1,73",False,Laboral,Miércoles,342.931,-7.652.441
2024-08-22,URBANA,036_ZW Parque India Elena,10,MR76,108,9114,"2,43",False,Laboral,Jueves,342.931,-7.652.441
2024-08-23,URBANA,036_ZW Parque India Elena,10,MR76,114,8242,"3,36",False,Laboral,Viernes,342.931,-7.652.441
2024-08-24,URBANA,036_ZW Parque India Elena,10,MR76,99,7006,"4,75",False,Fin de Semana,Sábado,342.931,-7.652.441
2024-08-25,URBANA,036_ZW Parque India Elena,10,MR76,105,10450,10,False,Fin de Semana,Domingo,342.931,-7.652.441
2024-08-26,URBANA,036_ZW Parque India Elena,10,MR76,96,9289,"12,41",False,Laboral,Lunes,342.931,-7.652.441
2024-08-27,URBANA,036_ZW Parque India Elena,10,MR76,86,5713,"6,13",False,Laboral,Martes,342.931,-7.652.441
2024-08-28,URBANA,036_ZW Parque India Elena,10,MR76,97,11597,"20,58",False,Laboral,Miércoles,342.931,-7.652.441
2024-08-29,URBANA,036_ZW Parque India Elena,10,MR76,123,11870,"33,91",False,Laboral,Jueves,342.931,-7.652.441
2024-08-30,URBANA,036_ZW Parque India Elena,10,MR76,100,7247,"17,46",False,Laboral,Viernes,342.931,-7.652.441
2024-08-31,URBANA,036_ZW Parque India Elena,10,MR76,117,18212,26,False,Fin de Semana,Sábado,342.931,-7.652.441
2024-09-01,URBANA,036_ZW Parque India Elena,10,MR76,116,22490,"52,05",False,Fin de Semana,Domingo,342.931,-7.652.441
2024-09-02,URBANA,036_ZW Parque India Elena,10,MR76,83,9336,"18,41",False,Laboral,Lunes,342.931,-7.652.441
2024-09-03,URBANA,036_ZW Parque India Elena,10,MR76,84,5363,"29,39",False,Laboral,Martes,342.931,-7.652.441
2024-09-04,URBANA,036_ZW Parque India Elena,10,MR76,48,1048,"143,73",False,Laboral,Miércoles,342.931,-7.652.441
2024-11-09,URBANA,036_ZW Parque India Elena,10,MR76,77,1803643,"108,32",False,Fin de Semana,Sábado,342.931,-7.652.441
2024-11-10,URBANA,036_ZW Parque India Elena,10,MR76,89,2078308,"107,29",False,Fin de Semana,Domingo,342.931,-7.652.441
2024-11-11,URBANA,036_ZW Parque India Elena,10,MR76,82,4916958,"279,97",True,Festivo,Lunes,342.931,-7.652.441
2024-11-12,URBANA,036_ZW Parque India Elena,10,MR76,84,5730277,"299,78",False,Laboral,Martes,342.931,-7.652.441
2024-11-13,URBANA,036_ZW Parque India Elena,10,MR76,92,3243371,"200,19",False,Laboral,Miércoles,342.931,-7.652.441
2024-11-14,URBANA,036_ZW Parque India Elena,10,MR76,104,6045137,"314,9",False,Laboral,Jueves,342.931,-7.652.441
2024-11-15,URBANA,036_ZW Parque India Elena,10,MR76,99,6215940,"341,23",False,Laboral,Viernes,342.931,-7.652.441
2024-11-16,URBANA,036_ZW Parque India Elena,10,MR76,98,4214517,"228,89",False,Fin de Semana,Sábado,342.931,-7.652.441
2024-11-17,URBANA,036_ZW Parque India Elena,10,MR76,104,2876984,"167,47",False,Fin de Semana,Domingo,342.931,-7.652.441
2024-11-18,URBANA,036_ZW Parque India Elena,10,MR76,78,1868281,"116,23",False,Laboral,Lunes,342.931,-7.652.441
2024-11-19,URBANA,036_ZW Parque India Elena,10,MR76,74,350649,"21,95",False,Laboral,Martes,342.931,-7.652.441
2024-11-20,URBANA,036_ZW Parque India Elena,10,MR76,71,1202170,63,False,Laboral,Miércoles,342.931,-7.652.441
2024-11-21,URBANA,036_ZW Parque India Elena,10,MR76,85,1422112,"78,76",False,Laboral,Jueves,342.931,-7.652.441
2024-11-22,URBANA,036_ZW Parque India Elena,10,MR76,97,1453713,"72,01",False,Laboral,Viernes,342.931,-7.652.441
2024-11-23,URBANA,036_ZW Parque India Elena,10,MR76,118,6426298,"335,33",False,Fin de Semana,Sábado,342.931,-7.652.441
2024-11-24,URBANA,036_ZW Parque India Elena,10,MR76,144,2752950,"371,83",False,Fin de Semana,Domingo,342.931,-7.652.441
2024-11-25,URBANA,036_ZW Parque India Elena,10,MR76,30,750703,"182,53",False,Laboral,Lunes,342.931,-7.652.441
2024-11-26,URBANA,036_ZW Parque India Elena,10,MR76,40,1390882,"176,61",False,Laboral,Martes,342.931,-7.652.441
2024-11-27,URBANA,036_ZW Parque India Elena,10,MR76,100,2294537,"118,15",False,Laboral,Miércoles,342.931,-7.652.441
2024-11-28,URBANA,036_ZW Parque India Elena,10,MR76,108,5107456,"242,57",False,Laboral,Jueves,342.931,-7.652.441
2024-11-29,URBANA,036_ZW Parque India Elena,10,MR76,120,9594068,"431,69",False,Laboral,Viernes,342.931,-7.652.441
2024-11-30,URBANA,036_ZW Parque India Elena,10,MR76,134,6899615,"302,71",False,Fin de Semana,Sábado,342.931,-7.652.441
2024-12-01,URBANA,036_ZW Parque India Elena,10,MR76,140,6567239,"271,75",False,Fin de Semana,Domingo,342.931,-7.652.441
2024-12-02,URBANA,036_ZW Parque India Elena,10,MR76,86,358345,"17,17",False,Laboral,Lunes,342.931,-7.652.441
2024-12-03,URBANA,036_ZW Parque India Elena,10,MR76,118,8005920,"428,8",False,Laboral,Martes,342.931,-7.652.441
2024-12-04,URBANA,036_ZW Parque India Elena,10,MR76,112,6837716,"296,05",False,Laboral,Miércoles,342.931,-7.652.441
2024-12-05,URBANA,036_ZW Parque India Elena,10,MR76,112,5614524,"244,73",False,Laboral,Jueves,342.931,-7.652.441
2024-12-06,URBANA,036_ZW Parque India Elena,10,MR76,111,2602574,"115,76",False,Laboral,Viernes,342.931,-7.652.441
2024-12-07,URBANA,036_ZW Parque India Elena,10,MR76,151,6099402,"297,31",False,Fin de Semana,Sábado,342.931,-7.652.441
2024-12-08,URBANA,036_ZW Parque India Elena,10,MR76,126,8690520,"327,25",True,Festivo,Domingo,342.931,-7.652.441
2024-12-09,URBANA,036_ZW Parque India Elena,10,MR76,120,4941278,"183,21",False,Laboral,Lunes,342.931,-7.652.441
2024-12-10,URBANA,036_ZW Parque India Elena,10,MR76,138,3119790,"103,02",False,Laboral,Martes,342.931,-7.652.441
2024-12-11,URBANA,036_ZW Parque India Elena,10,MR76,51,642537,"21,31",False,Laboral,Miércoles,342.931,-7.652.441
2024-12-12,URBANA,036_ZW Parque India Elena,10,MR76,124,4371760,"127,4",False,Laboral,Jueves,342.931,-7.652.441
2024-12-13,URBANA,036_ZW Parque India Elena,10,MR76,119,3725565,"109,81",False,Laboral,Viernes,342.931,-7.652.441
2024-12-14,URBANA,036_ZW Parque India Elena,10,MR76,135,6943311,"228,58",False,Fin de Semana,Sábado,342.931,-7.652.441
2024-12-15,URBANA,036_ZW Parque India Elena,10,MR76,148,7504969,"253,32",False,Fin de Semana,Domingo,342.931,-7.652.441
2024-12-16,URBANA,036_ZW Parque India Elena,10,MR76,92,981742,"29,52",False,Laboral,Lunes,342.931,-7.652.441
2024-12-17,URBANA,036_ZW Parque India Elena,10,MR76,120,12288454,400,False,Laboral,Martes,342.931,-7.652.441
2024-12-18,URBANA,036_ZW Parque India Elena,10,MR76,133,3295804,104,False,Laboral,Miércoles,342.931,-7.652.441
2024-12-19,URBANA,036_ZW Parque India Elena,10,MR76,112,1924562,"67,7",False,Laboral,Jueves,342.931,-7.652.441
2024-12-20,URBANA,036_ZW Parque India Elena,10,MR76,133,3919246,129,False,Laboral,Viernes,342.931,-7.652.441
2024-12-21,URBANA,036_ZW Parque India Elena,10,MR76,98,1875655,"71,9",False,Fin de Semana,Sábado,342.931,-7.652.441
2024-12-22,URBANA,036_ZW Parque India Elena,10,MR76,117,3555155,111,False,Fin de Semana,Domingo,342.931,-7.652.441
2024-12-23,URBANA,036_ZW Parque India Elena,10,MR76,94,2021076,"80,6",False,Laboral,Lunes,342.931,-7.652.441
2024-12-24,URBANA,036_ZW Parque India Elena,10,MR76,61,664253,"27,8",False,Laboral,Martes,342.931,-7.652.441
2024-12-25,URBANA,036_ZW Parque India Elena,10,MR76,108,8011492,284,True,Festivo,Miércoles,342.931,-7.652.441
2024-12-26,URBANA,036_ZW Parque India Elena,10,MR76,58,5302000,194,False,Laboral,Jueves,342.931,-7.652.441
2024-12-27,URBANA,036_ZW Parque India Elena,10,MR76,59,1613273,"49,5",False,Laboral,Viernes,342.931,-7.652.441
2024-12-28,URBANA,036_ZW Parque India Elena,10,MR76,43,500675,"21,3",False,Fin de Semana,Sábado,342.931,-7.652.441
2024-12-29,URBANA,036_ZW Parque India Elena,10,MR76,87,1881223,"58,2",False,Fin de Semana,Domingo,342.931,-7.652.441
2024-12-30,URBANA,036_ZW Parque India Elena,10,MR76,53,169091,"6,91",False,Laboral,Lunes,342.931,-7.652.441
2024-12-31,RURAL,036_ZW Parque India Elena,10,MR76,55,2752606,148,False,Laboral,Martes,342.931,-7.652.441
2025-01-01,URBANA,036_ZW Parque India Elena,10,MR76,40,1178105,80,True,Festivo,Miércoles,342.931,-7.652.441
2025-01-02,URBANA,036_ZW Parque India Elena,10,MR76,76,5368887,193,False,Laboral,Jueves,342.931,-7.652.441
2025-01-03,URBANA,036_ZW Parque India Elena,10,MR76,51,3242590,121,False,Laboral,Viernes,342.931,-7.652.441
2025-01-04,URBANA,036_ZW Parque India Elena,10,MR76,87,7045690,261,False,Fin de Semana,Sábado,342.931,-7.652.441
2025-01-05,URBANA,036_ZW Parque India Elena,10,MR76,74,2815488,86,False,Fin de Semana,Domingo,342.931,-7.652.441
2025-01-06,URBANA,036_ZW Parque India Elena,10,MR76,84,6204542,166,True,Festivo,Lunes,342.931,-7.652.441
2025-01-07,URBANA,036_ZW Parque India Elena,10,MR76,56,2221384,67,False,Laboral,Martes,342.931,-7.652.441
2025-01-08,URBANA,036_ZW Parque India Elena,10,MR76,68,1380391,40,False,Laboral,Miércoles,342.931,-7.652.441
2025-01-09,URBANA,036_ZW Parque India Elena,10,MR76,67,1739708,50,False,Laboral,Jueves,342.931,-7.652.441
2025-01-10,URBANA,036_ZW Parque India Elena,10,MR76,66,3184976,88,False,Laboral,Viernes,342.931,-7.652.441
2025-01-11,URBANA,036_ZW Parque India Elena,10,MR76,87,5064431,148,False,Fin de Semana,Sábado,342.931,-7.652.441
2025-01-12,URBANA,036_ZW Parque India Elena,10,MR76,110,7619240,204,False,Fin de Semana,Domingo,342.931,-7.652.441
2025-01-13,URBANA,036_ZW Parque India Elena,10,MR76,75,4102421,137,False,Laboral,Lunes,342.931,-7.652.441
2025-01-14,URBANA,036_ZW Parque India Elena,10,MR76,76,3797321,125,False,Laboral,Martes,342.931,-7.652.441
2025-01-15,URBANA,036_ZW Parque India Elena,10,MR76,88,3418298,118,False,Laboral,Miércoles,342.931,-7.652.441
2025-01-16,URBANA,036_ZW Parque India Elena,10,MR76,64,3157010,100,False,Laboral,Jueves,342.931,-7.652.441
2025-01-17,URBANA,036_ZW Parque India Elena,10,MR76,89,1315813,43,False,Laboral,Viernes,342.931,-7.652.441
2025-01-18,URBANA,036_ZW Parque India Elena,10,MR76,94,6637091,219,False,Fin de Semana,Sábado,342.931,-7.652.441
2025-01-19,URBANA,036_ZW Parque India Elena,10,MR76,87,9131209,282,False,Fin de Semana,Domingo,342.931,-7.652.441
2025-01-20,URBANA,036_ZW Parque India Elena,10,MR76,76,3183738,99,False,Laboral,Lunes,342.931,-7.652.441
2025-01-21,URBANA,036_ZW Parque India Elena,10,MR76,66,1372015,38,False,Laboral,Martes,342.931,-7.652.441
2025-01-22,URBANA,036_ZW Parque India Elena,10,MR76,60,2797219,83,False,Laboral,Miércoles,342.931,-7.652.441
2025-01-23,URBANA,036_ZW Parque India Elena,10,MR76,84,4061060,101,False,Laboral,Jueves,342.931,-7.652.441
2025-01-24,URBANA,036_ZW Parque India Elena,10,MR76,73,3231543,97,False,Laboral,Viernes,342.931,-7.652.441
2025-01-25,URBANA,036_ZW Parque India Elena,10,MR76,101,9225281,248,False,Fin de Semana,Sábado,342.931,-7.652.441
2025-01-26,URBANA,036_ZW Parque India Elena,10,MR76,93,7129320,181,False,Fin de Semana,Domingo,342.931,-7.652.441
2025-01-27,URBANA,036_ZW Parque India Elena,10,MR76,78,3062964,81,False,Laboral,Lunes,342.931,-7.652.441
2025-01-28,URBANA,036_ZW Parque India Elena,10,MR76,94,3489878,106,False,Laboral,Martes,342.931,-7.652.441
2025-01-29,URBANA,036_ZW Parque India Elena,10,MR76,85,3099949,86,False,Laboral,Miércoles,342.931,-7.652.441
2025-01-30,URBANA,036_ZW Parque India Elena,10,MR76,69,2748518,101,False,Laboral,Jueves,342.931,-7.652.441
2025-01-31,URBANA,036_ZW Parque India Elena,10,MR76,96,1931109,105,False,Laboral,Viernes,342.931,-7.652.441
2025-02-01,URBANA,036_ZW Parque India Elena,10,MR76,119,6272605,221,False,Fin de Semana,Sábado,342.931,-7.652.441
2025-02-02,URBANA,036_ZW Parque India Elena,10,MR76,126,8288194,245,False,Fin de Semana,Domingo,342.931,-7.652.441
2025-02-03,URBANA,036_ZW Parque India Elena,10,MR76,76,4347073,168,False,Laboral,Lunes,342.931,-7.652.441
2025-02-04,URBANA,036_ZW Parque India Elena,10,MR76,74,1794229,64,False,Laboral,Martes,342.931,-7.652.441
2025-02-05,URBANA,036_ZW Parque India Elena,10,MR76,96,3317242,137,False,Laboral,Miércoles,342.931,-7.652.441
2025-02-06,URBANA,036_ZW Parque India Elena,10,MR76,82,4561625,168,False,Laboral,Jueves,342.931,-7.652.441
2025-02-07,URBANA,036_ZW Parque India Elena,10,MR76,74,5803794,198,False,Laboral,Viernes,342.931,-7.652.441
2025-02-08,URBANA,036_ZW Parque India Elena,10,MR76,65,3116358,116,False,Fin de Semana,Sábado,342.931,-7.652.441
2025-02-09,URBANA,036_ZW Parque India Elena,10,MR76,80,9405940,296,False,Fin de Semana,Domingo,342.931,-7.652.441
2025-02-10,URBANA,036_ZW Parque India Elena,10,MR76,80,5367332,204,False,Laboral,Lunes,342.931,-7.652.441
2025-02-11,URBANA,036_ZW Parque India Elena,10,MR76,84,3500692,118,False,Laboral,Martes,342.931,-7.652.441
2025-02-12,URBANA,036_ZW Parque India Elena,10,MR76,80,6009365,182,False,Laboral,Miércoles,342.931,-7.652.441
2025-02-13,URBANA,036_ZW Parque India Elena,10,MR76,36,1914987,90,False,Laboral,Jueves,342.931,-7.652.441
2025-02-14,URBANA,036_ZW Parque India Elena,10,MR76,62,2023944,61,False,Laboral,Viernes,342.931,-7.652.441
2025-02-15,URBANA,036_ZW Parque India Elena,10,MR76,86,8215033,297,False,Fin de Semana,Sábado,342.931,-7.652.441
2025-02-16,URBANA,036_ZW Parque India Elena,10,MR76,113,5132969,169,False,Fin de Semana,Domingo,342.931,-7.652.441
2025-02-17,URBANA,036_ZW Parque India Elena,10,MR76,72,3809544,135,False,Laboral,Lunes,342.931,-7.652.441
2025-02-18,URBANA,036_ZW Parque India Elena,10,MR76,67,3496202,124,False,Laboral,Martes,342.931,-7.652.441
2025-02-19,URBANA,036_ZW Parque India Elena,10,MR76,58,3969195,126,False,Laboral,Miércoles,342.931,-7.652.441
2025-02-20,URBANA,036_ZW Parque India Elena,10,MR76,56,8478397,240,False,Laboral,Jueves,342.931,-7.652.441
2025-02-21,URBANA,036_ZW Parque India Elena,10,MR76,68,5180270,178,False,Laboral,Viernes,342.931,-7.652.441
2025-02-22,URBANA,036_ZW Parque India Elena,10,MR76,107,4158575,146,False,Fin de Semana,Sábado,342.931,-7.652.441
2025-02-23,URBANA,036_ZW Parque India Elena,10,MR76,87,7250416,211,False,Fin de Semana,Domingo,342.931,-7.652.441
2025-02-24,URBANA,036_ZW Parque India Elena,10,MR76,82,2944315,121,False,Laboral,Lunes,342.931,-7.652.441
2025-02-25,URBANA,036_ZW Parque India Elena,10,MR76,105,6320891,203,False,Laboral,Martes,342.931,-7.652.441
2025-02-26,URBANA,036_ZW Parque India Elena,10,MR76,81,8050634,291,False,Laboral,Miércoles,342.931,-7.652.441
2025-02-27,URBANA,036_ZW Parque India Elena,10,MR76,90,7879606,275,False,Laboral,Jueves,342.931,-7.652.441
2025-02-28,URBANA,036_ZW Parque India Elena,10,MR76,67,4136511,147,False,Laboral,Viernes,342.931,-7.652.441
2025-03-01,URBANA,036_ZW Parque India Elena,10,MR76,113,9134769,344,False,Fin de Semana,Sábado,342.931,-7.652.441
2025-03-02,URBANA,036_ZW Parque India Elena,10,MR76,135,13355635,394,False,Fin de Semana,Domingo,342.931,-7.652.441
2025-03-03,URBANA,036_ZW Parque India Elena,10,MR76,109,8585413,322,False,Laboral,Lunes,342.931,-7.652.441
2025-03-04,URBANA,036_ZW Parque India Elena,10,MR76,78,5964214,270,False,Laboral,Martes,342.931,-7.652.441
2025-03-05,URBANA,036_ZW Parque India Elena,10,MR76,85,8607698,304,False,Laboral,Miércoles,342.931,-7.652.441
2025-03-06,URBANA,036_ZW Parque India Elena,10,MR76,108,9456445,304,False,Laboral,Jueves,342.931,-7.652.441
2025-03-07,URBANA,036_ZW Parque India Elena,10,MR76,78,3099334,111,False,Laboral,Viernes,342.931,-7.652.441
2025-03-08,URBANA,036_ZW Parque India Elena,10,MR76,98,10420653,302,False,Fin de Semana,Sábado,342.931,-7.652.441
2025-03-09,URBANA,036_ZW Parque India Elena,10,MR76,98,3185381,99,False,Fin de Semana,Domingo,342.931,-7.652.441
2025-03-10,URBANA,036_ZW Parque India Elena,10,MR76,84,5218655,151,False,Laboral,Lunes,342.931,-7.652.441
2025-03-11,URBANA,036_ZW Parque India Elena,10,MR76,67,4835151,217,False,Laboral,Martes,342.931,-7.652.441
2025-03-12,URBANA,036_ZW Parque India Elena,10,MR76,96,4233385,143,False,Laboral,Miércoles,342.931,-7.652.441
2025-03-13,URBANA,036_ZW Parque India Elena,10,MR76,61,1231758,51,False,Laboral,Jueves,342.931,-7.652.441
2025-03-14,URBANA,036_ZW Parque India Elena,10,MR76,81,5138300,174,False,Laboral,Viernes,342.931,-7.652.441
2025-03-15,URBANA,036_ZW Parque India Elena,10,MR76,119,7350793,236,False,Fin de Semana,Sábado,342.931,-7.652.441
2025-03-16,URBANA,036_ZW Parque India Elena,10,MR76,73,3785820,122,False,Fin de Semana,Domingo,342.931,-7.652.441
2025-03-17,URBANA,036_ZW Parque India Elena,10,MR76,108,7926443,272,False,Laboral,Lunes,342.931,-7.652.441
2025-03-18,URBANA,036_ZW Parque India Elena,10,MR76,104,16092634,487,False,Laboral,Martes,342.931,-7.652.441
2025-03-19,URBANA,036_ZW Parque India Elena,10,MR76,86,6228087,224,False,Laboral,Miércoles,342.931,-7.652.441
2025-03-20,URBANA,036_ZW Parque India Elena,10,MR76,81,4040411,130,False,Laboral,Jueves,342.931,-7.652.441
2025-03-21,URBANA,036_ZW Parque India Elena,10,MR76,90,11024476,299,False,Laboral,Viernes,342.931,-7.652.441
2025-03-22,URBANA,036_ZW Parque India Elena,10,MR76,101,9917600,326,False,Fin de Semana,Sábado,342.931,-7.652.441
2025-03-23,URBANA,036_ZW Parque India Elena,10,MR76,86,3415634,106,False,Fin de Semana,Domingo,342.931,-7.652.441
2025-03-24,URBANA,036_ZW Parque India Elena,10,MR76,115,8627798,213,True,Festivo,Lunes,342.931,-7.652.441
2025-03-25,URBANA,036_ZW Parque India Elena,10,MR76,86,3078166,89,False,Laboral,Martes,342.931,-7.652.441
2025-03-26,URBANA,036_ZW Parque India Elena,10,MR76,80,4776898,154,False,Laboral,Miércoles,342.931,-7.652.441
2025-03-27,URBANA,036_ZW Parque India Elena,10,MR76,84,9024949,250,False,Laboral,Jueves,342.931,-7.652.441
2025-03-28,URBANA,036_ZW Parque India Elena,10,MR76,62,4390582,182,False,Laboral,Viernes,342.931,-7.652.441
2025-03-29,URBANA,036_ZW Parque India Elena,10,MR76,88,4134510,129,False,Fin de Semana,Sábado,342.931,-7.652.441
2025-03-30,URBANA,036_ZW Parque India Elena,10,MR76,97,5605729,160,False,Fin de Semana,Domingo,342.931,-7.652.441
2025-03-31,URBANA,036_ZW Parque India Elena,10,MR76,88,6995965,232,False,Laboral,Lunes,342.931,-7.652.441
