FECHA.CONEXION,AREA,NOMBRE.ZONA,COMUNA,MODEL,NUMERO.CONEXIONES,USAGE.KB,PORCENTAJE.USO,es_festivo,tipo_dia,dia_semana,LATITUD,LONGITUD
2024-01-01,URBANA,039_ZW Biblioteca Daniel Guillard,13,MR76,39,12851,"1,5",True,Festivo,Lunes,342.637,-764.865
2024-01-02,URBANA,039_ZW Biblioteca Daniel Guillard,13,MR76,27,24207,"2,9",False,Laboral,Martes,342.637,-764.865
2024-01-03,URBANA,039_ZW Biblioteca Daniel Guillard,13,MR76,31,5300,"0,4",False,Laboral,Miércoles,342.637,-764.865
2024-01-04,URBANA,039_ZW Biblioteca Daniel Guillard,13,MR76,32,13560,"1,3",False,Laboral,Jueves,342.637,-764.865
2024-01-05,URBANA,039_ZW Biblioteca Daniel Guillard,13,MR76,44,9556,"0,9",False,Laboral,Viernes,342.637,-764.865
2024-01-06,URBANA,039_ZW Biblioteca Daniel Guillard,13,MR76,46,19548,"2,5",False,Fin de Semana,Sábado,342.637,-764.865
2024-01-07,URBANA,039_ZW Biblioteca Daniel Guillard,13,MR76,42,2762355,"275,2",False,Fin de Semana,Domingo,342.637,-764.865
2024-01-08,URBANA,039_ZW Biblioteca Daniel Guillard,13,MR76,35,1527513,"96,9",True,Festivo,Lunes,342.637,-764.865
2024-01-09,URBANA,039_ZW Biblioteca Daniel Guillard,13,MR76,38,991712,"76,5",False,Laboral,Martes,342.637,-764.865
2024-01-10,URBANA,039_ZW Biblioteca Daniel Guillard,13,MR76,41,2589994,"214,7",False,Laboral,Miércoles,342.637,-764.865
2024-01-11,URBANA,039_ZW Biblioteca Daniel Guillard,13,MR76,54,3265066,"303,4",False,Laboral,Jueves,342.637,-764.865
2024-01-12,URBANA,039_ZW Biblioteca Daniel Guillard,13,MR76,42,20342089,"1751,4",False,Laboral,Viernes,342.637,-764.865
2024-01-13,URBANA,039_ZW Biblioteca Daniel Guillard,13,MR76,51,6415942,"712,6",False,Fin de Semana,Sábado,342.637,-764.865
2024-01-14,URBANA,039_ZW Biblioteca Daniel Guillard,13,MR76,42,5438033,"687,2",False,Fin de Semana,Domingo,342.637,-764.865
2024-01-15,URBANA,039_ZW Biblioteca Daniel Guillard,13,MR76,39,16036,"2,3",False,Laboral,Lunes,342.637,-764.865
2024-01-16,URBANA,039_ZW Biblioteca Daniel Guillard,13,MR76,51,4747,"0,6",False,Laboral,Martes,342.637,-764.865
2024-01-17,URBANA,039_ZW Biblioteca Daniel Guillard,13,MR76,32,3587,"0,4",False,Laboral,Miércoles,342.637,-764.865
2024-01-18,URBANA,039_ZW Biblioteca Daniel Guillard,13,MR76,40,1245608,"103,8",False,Laboral,Jueves,342.637,-764.865
2024-01-19,URBANA,039_ZW Biblioteca Daniel Guillard,13,MR76,40,2006233,"130,7",False,Laboral,Viernes,342.637,-764.865
2024-01-20,URBANA,039_ZW Biblioteca Daniel Guillard,13,MR76,53,8162047,"630,3",False,Fin de Semana,Sábado,342.637,-764.865
2024-01-21,URBANA,039_ZW Biblioteca Daniel Guillard,13,MR76,60,1954552,151,False,Fin de Semana,Domingo,342.637,-764.865
2024-01-22,URBANA,039_ZW Biblioteca Daniel Guillard,13,MR76,56,4289362,"409,1",False,Laboral,Lunes,342.637,-764.865
2024-01-23,URBANA,039_ZW Biblioteca Daniel Guillard,13,MR76,43,9047523,"837,8",False,Laboral,Martes,342.637,-764.865
2024-01-24,URBANA,039_ZW Biblioteca Daniel Guillard,13,MR76,49,2218966,"177,4",False,Laboral,Miércoles,342.637,-764.865
2024-01-25,URBANA,039_ZW Biblioteca Daniel Guillard,13,MR76,59,9301,"0,6",False,Laboral,Jueves,342.637,-764.865
2024-01-26,URBANA,039_ZW Biblioteca Daniel Guillard,13,MR76,43,20184,"1,5",False,Laboral,Viernes,342.637,-764.865
2024-01-27,URBANA,039_ZW Biblioteca Daniel Guillard,13,MR76,41,12854,1,False,Fin de Semana,Sábado,342.637,-764.865
2024-01-28,URBANA,039_ZW Biblioteca Daniel Guillard,13,MR76,52,9294,"0,9",False,Fin de Semana,Domingo,342.637,-764.865
2024-01-29,URBANA,039_ZW Biblioteca Daniel Guillard,13,MR76,51,10935,"0,9",False,Laboral,Lunes,342.637,-764.865
2024-01-30,URBANA,039_ZW Biblioteca Daniel Guillard,13,MR76,49,20481,"2,3",False,Laboral,Martes,342.637,-764.865
2024-01-31,URBANA,039_ZW Biblioteca Daniel Guillard,13,MR76,37,5000,"0,5",False,Laboral,Miércoles,342.637,-764.865
2024-02-01,URBANA,039_ZW Biblioteca Daniel Guillard,13,MR76,41,10590,"0,8",False,Laboral,Jueves,342.637,-764.865
2024-02-02,URBANA,039_ZW Biblioteca Daniel Guillard,13,MR76,32,37918,4,False,Laboral,Viernes,342.637,-764.865
2024-02-03,URBANA,039_ZW Biblioteca Daniel Guillard,13,MR76,39,1015416,"57,2",False,Fin de Semana,Sábado,342.637,-764.865
2024-02-04,URBANA,039_ZW Biblioteca Daniel Guillard,13,MR76,27,1389532,"86,9",False,Fin de Semana,Domingo,342.637,-764.865
2024-02-05,URBANA,039_ZW Biblioteca Daniel Guillard,13,MR76,29,2182578,145,False,Laboral,Lunes,342.637,-764.865
2024-02-06,URBANA,039_ZW Biblioteca Daniel Guillard,13,MR76,21,1558368,"104,3",False,Laboral,Martes,342.637,-764.865
2024-02-07,URBANA,039_ZW Biblioteca Daniel Guillard,13,MR76,35,4130605,"250,2",False,Laboral,Miércoles,342.637,-764.865
2024-02-08,URBANA,039_ZW Biblioteca Daniel Guillard,13,MR76,36,1523870,"112,2",False,Laboral,Jueves,342.637,-764.865
2024-02-09,URBANA,039_ZW Biblioteca Daniel Guillard,13,MR76,40,4985873,"414,3",False,Laboral,Viernes,342.637,-764.865
2024-02-10,URBANA,039_ZW Biblioteca Daniel Guillard,13,MR76,46,527660,33,False,Fin de Semana,Sábado,342.637,-764.865
2024-02-11,URBANA,039_ZW Biblioteca Daniel Guillard,13,MR76,51,3572231,"265,8",False,Fin de Semana,Domingo,342.637,-764.865
2024-02-12,URBANA,039_ZW Biblioteca Daniel Guillard,13,MR76,47,5127290,"495,2",False,Laboral,Lunes,342.637,-764.865
2024-02-13,URBANA,039_ZW Biblioteca Daniel Guillard,13,MR76,37,6521683,"752,9",False,Laboral,Martes,342.637,-764.865
2024-02-14,URBANA,039_ZW Biblioteca Daniel Guillard,13,MR76,39,2410279,"319,1",False,Laboral,Miércoles,342.637,-764.865
2024-02-15,URBANA,039_ZW Biblioteca Daniel Guillard,13,MR76,44,3486149,"298,5",False,Laboral,Jueves,342.637,-764.865
2024-02-16,URBANA,039_ZW Biblioteca Daniel Guillard,13,MR76,49,5425010,"514,5",False,Laboral,Viernes,342.637,-764.865
2024-02-17,URBANA,039_ZW Biblioteca Daniel Guillard,13,MR76,61,4749365,"449,1",False,Fin de Semana,Sábado,342.637,-764.865
2024-02-18,URBANA,039_ZW Biblioteca Daniel Guillard,13,MR76,44,15956580,"1232,8",False,Fin de Semana,Domingo,342.637,-764.865
2024-02-19,URBANA,039_ZW Biblioteca Daniel Guillard,13,MR76,47,8883712,"606,2",False,Laboral,Lunes,342.637,-764.865
2024-02-20,URBANA,039_ZW Biblioteca Daniel Guillard,13,MR76,41,11724863,"960,2",False,Laboral,Martes,342.637,-764.865
2024-02-21,URBANA,039_ZW Biblioteca Daniel Guillard,13,MR76,44,5508047,"477,4",False,Laboral,Miércoles,342.637,-764.865
2024-02-22,URBANA,039_ZW Biblioteca Daniel Guillard,13,MR76,56,6836318,"446,6",False,Laboral,Jueves,342.637,-764.865
2024-02-23,URBANA,039_ZW Biblioteca Daniel Guillard,13,MR76,43,3094849,"217,5",False,Laboral,Viernes,342.637,-764.865
2024-02-24,URBANA,039_ZW Biblioteca Daniel Guillard,13,MR76,60,3207468,"255,4",False,Fin de Semana,Sábado,342.637,-764.865
2024-02-25,URBANA,039_ZW Biblioteca Daniel Guillard,13,MR76,48,4809416,"273,8",False,Fin de Semana,Domingo,342.637,-764.865
2024-02-26,URBANA,039_ZW Biblioteca Daniel Guillard,13,MR76,51,1292341,"116,1",False,Laboral,Lunes,342.637,-764.865
2024-02-27,URBANA,039_ZW Biblioteca Daniel Guillard,13,MR76,52,20365,"1,8",False,Laboral,Martes,342.637,-764.865
2024-02-28,URBANA,039_ZW Biblioteca Daniel Guillard,13,MR76,33,11694,"0,7",False,Laboral,Miércoles,342.637,-764.865
2024-02-29,URBANA,039_ZW Biblioteca Daniel Guillard,13,MR76,42,8302,1,False,Laboral,Jueves,342.637,-764.865
2024-03-01,URBANA,039_ZW Biblioteca Daniel Guillard,13,MR76,57,5302767,442,False,Laboral,Viernes,342.637,-764.865
2024-03-02,URBANA,039_ZW Biblioteca Daniel Guillard,13,MR76,41,2633770,"255,9",False,Fin de Semana,Sábado,342.637,-764.865
2024-03-03,URBANA,039_ZW Biblioteca Daniel Guillard,13,MR76,47,3092852,"221,9",False,Fin de Semana,Domingo,342.637,-764.865
2024-03-04,URBANA,039_ZW Biblioteca Daniel Guillard,13,MR76,44,4404587,"309,8",False,Laboral,Lunes,342.637,-764.865
2024-03-05,URBANA,039_ZW Biblioteca Daniel Guillard,13,MR76,38,1563629,"113,4",False,Laboral,Martes,342.637,-764.865
2024-03-06,URBANA,039_ZW Biblioteca Daniel Guillard,13,MR76,42,2844659,"235,1",False,Laboral,Miércoles,342.637,-764.865
2024-03-07,URBANA,039_ZW Biblioteca Daniel Guillard,13,MR76,47,3789848,"354,7",False,Laboral,Jueves,342.637,-764.865
2024-03-08,URBANA,039_ZW Biblioteca Daniel Guillard,13,MR76,44,2812666,263,False,Laboral,Viernes,342.637,-764.865
2024-03-09,URBANA,039_ZW Biblioteca Daniel Guillard,13,MR76,55,521398,"52,7",False,Fin de Semana,Sábado,342.637,-764.865
2024-03-10,URBANA,039_ZW Biblioteca Daniel Guillard,13,MR76,47,731605,"76,7",False,Fin de Semana,Domingo,342.637,-764.865
2024-03-11,URBANA,039_ZW Biblioteca Daniel Guillard,13,MR76,56,2019501,"214,9",False,Laboral,Lunes,342.637,-764.865
2024-03-12,URBANA,039_ZW Biblioteca Daniel Guillard,13,MR76,55,2021619,"229,3",False,Laboral,Martes,342.637,-764.865
2024-03-13,URBANA,039_ZW Biblioteca Daniel Guillard,13,MR76,52,75793,"10,2",False,Laboral,Miércoles,342.637,-764.865
2024-03-14,URBANA,039_ZW Biblioteca Daniel Guillard,13,MR76,58,46037,"4,7",False,Laboral,Jueves,342.637,-764.865
2024-03-15,URBANA,039_ZW Biblioteca Daniel Guillard,13,MR76,50,20035,"1,5",False,Laboral,Viernes,342.637,-764.865
2024-03-16,URBANA,039_ZW Biblioteca Daniel Guillard,13,MR76,64,184560,"16,3",False,Fin de Semana,Sábado,342.637,-764.865
2024-03-17,URBANA,039_ZW Biblioteca Daniel Guillard,13,MR76,57,11986,"0,9",False,Fin de Semana,Domingo,342.637,-764.865
2024-03-18,URBANA,039_ZW Biblioteca Daniel Guillard,13,MR76,49,3355527,"279,5",False,Laboral,Lunes,342.637,-764.865
2024-03-19,URBANA,039_ZW Biblioteca Daniel Guillard,13,MR76,46,2136304,"283,4",False,Laboral,Martes,342.637,-764.865
2024-03-20,URBANA,039_ZW Biblioteca Daniel Guillard,13,MR76,44,3860914,589,False,Laboral,Miércoles,342.637,-764.865
2024-03-21,URBANA,039_ZW Biblioteca Daniel Guillard,13,MR76,51,4327948,"495,7",False,Laboral,Jueves,342.637,-764.865
2024-03-22,URBANA,039_ZW Biblioteca Daniel Guillard,13,MR76,48,7434954,"762,2",False,Laboral,Viernes,342.637,-764.865
2024-03-23,URBANA,039_ZW Biblioteca Daniel Guillard,13,MR76,50,5570991,714,False,Fin de Semana,Sábado,342.637,-764.865
2024-03-24,URBANA,039_ZW Biblioteca Daniel Guillard,13,MR76,61,785921,"86,4",True,Festivo,Domingo,342.637,-764.865
2024-03-25,URBANA,039_ZW Biblioteca Daniel Guillard,13,MR76,41,8618,"1,2",True,Festivo,Lunes,342.637,-764.865
2024-03-26,URBANA,039_ZW Biblioteca Daniel Guillard,13,MR76,49,15700,2,False,Laboral,Martes,342.637,-764.865
2024-03-27,URBANA,039_ZW Biblioteca Daniel Guillard,13,MR76,75,16449,2,False,Laboral,Miércoles,342.637,-764.865
2024-03-28,URBANA,039_ZW Biblioteca Daniel Guillard,13,MR76,67,20357,"3,2",True,Festivo,Jueves,342.637,-764.865
2024-03-29,URBANA,039_ZW Biblioteca Daniel Guillard,13,MR76,48,63187,"6,4",True,Festivo,Viernes,342.637,-764.865
2024-03-30,URBANA,039_ZW Biblioteca Daniel Guillard,13,MR76,59,10093,"1,6",False,Fin de Semana,Sábado,342.637,-764.865
2024-03-31,URBANA,039_ZW Biblioteca Daniel Guillard,13,MR76,39,6709,"0,9",True,Festivo,Domingo,342.637,-764.865
2024-04-01,URBANA,039_ZW Biblioteca Daniel Guillard,13,MR76,31,2488438,"237,2",False,Laboral,Lunes,342.637,-764.865
2024-04-02,URBANA,039_ZW Biblioteca Daniel Guillard,13,MR76,28,3685839,"523,9",False,Laboral,Martes,342.637,-764.865
2024-04-03,URBANA,039_ZW Biblioteca Daniel Guillard,13,MR76,37,3758411,"417,2",False,Laboral,Miércoles,342.637,-764.865
2024-04-04,URBANA,039_ZW Biblioteca Daniel Guillard,13,MR76,38,6692367,"582,1",False,Laboral,Jueves,342.637,-764.865
2024-04-05,URBANA,039_ZW Biblioteca Daniel Guillard,13,MR76,54,14197,"1,3",False,Laboral,Viernes,342.637,-764.865
2024-04-06,URBANA,039_ZW Biblioteca Daniel Guillard,13,MR76,50,20019,"1,7",False,Fin de Semana,Sábado,342.637,-764.865
2024-04-07,URBANA,039_ZW Biblioteca Daniel Guillard,13,MR76,31,14003,"1,2",False,Fin de Semana,Domingo,342.637,-764.865
2024-04-08,URBANA,039_ZW Biblioteca Daniel Guillard,13,MR76,33,7452,"1,1",False,Laboral,Lunes,342.637,-764.865
2024-04-09,URBANA,039_ZW Biblioteca Daniel Guillard,13,MR76,41,11244,"1,5",False,Laboral,Martes,342.637,-764.865
2024-04-10,URBANA,039_ZW Biblioteca Daniel Guillard,13,MR76,49,197871,"46,6",False,Laboral,Miércoles,342.637,-764.865
2024-04-11,URBANA,039_ZW Biblioteca Daniel Guillard,13,MR76,39,5507800,1247,False,Laboral,Jueves,342.637,-764.865
2024-04-12,URBANA,039_ZW Biblioteca Daniel Guillard,13,MR76,33,5623134,"828,2",False,Laboral,Viernes,342.637,-764.865
2024-04-13,URBANA,039_ZW Biblioteca Daniel Guillard,13,MR76,49,2568414,"301,9",False,Fin de Semana,Sábado,342.637,-764.865
2024-04-14,URBANA,039_ZW Biblioteca Daniel Guillard,13,MR76,46,365884,"53,1",False,Fin de Semana,Domingo,342.637,-764.865
2024-04-15,URBANA,039_ZW Biblioteca Daniel Guillard,13,MR76,52,22022,"5,5",False,Laboral,Lunes,342.637,-764.865
2024-04-16,URBANA,039_ZW Biblioteca Daniel Guillard,13,MR76,35,5619,"1,3",False,Laboral,Martes,342.637,-764.865
2024-04-17,URBANA,039_ZW Biblioteca Daniel Guillard,13,MR76,37,90780,"24,3",False,Laboral,Miércoles,342.637,-764.865
2024-04-18,URBANA,039_ZW Biblioteca Daniel Guillard,13,MR76,44,7271751,"2496,2",False,Laboral,Jueves,342.637,-764.865
2024-04-19,URBANA,039_ZW Biblioteca Daniel Guillard,13,MR76,32,1722224,"424,6",False,Laboral,Viernes,342.637,-764.865
2024-04-20,URBANA,039_ZW Biblioteca Daniel Guillard,13,MR76,41,1157299,"148,1",False,Fin de Semana,Sábado,342.637,-764.865
2024-04-21,URBANA,039_ZW Biblioteca Daniel Guillard,13,MR76,40,3640172,"588,3",False,Fin de Semana,Domingo,342.637,-764.865
2024-04-22,URBANA,039_ZW Biblioteca Daniel Guillard,13,MR76,34,3073390,"660,8",False,Laboral,Lunes,342.637,-764.865
2024-04-23,URBANA,039_ZW Biblioteca Daniel Guillard,13,MR76,48,5965170,"324,9",False,Laboral,Martes,342.637,-764.865
2024-04-24,URBANA,039_ZW Biblioteca Daniel Guillard,13,MR76,50,6050823,"329,4",False,Laboral,Miércoles,342.637,-764.865
2024-04-25,URBANA,039_ZW Biblioteca Daniel Guillard,13,MR76,40,1284858,"108,3",False,Laboral,Jueves,342.637,-764.865
2024-04-26,URBANA,039_ZW Biblioteca Daniel Guillard,13,MR76,32,3344678,"333,8",False,Laboral,Viernes,342.637,-764.865
2024-04-27,URBANA,039_ZW Biblioteca Daniel Guillard,13,MR76,47,396398,"32,5",False,Fin de Semana,Sábado,342.637,-764.865
2024-04-28,URBANA,039_ZW Biblioteca Daniel Guillard,13,MR76,32,6755,"0,9",False,Fin de Semana,Domingo,342.637,-764.865
2024-04-29,URBANA,039_ZW Biblioteca Daniel Guillard,13,MR76,38,36740,"4,6",False,Laboral,Lunes,342.637,-764.865
2024-04-30,URBANA,039_ZW Biblioteca Daniel Guillard,13,MR76,42,6210,1,False,Laboral,Martes,342.637,-764.865
2024-05-01,URBANA,039_ZW Biblioteca Daniel Guillard,13,MR76,36,8239,"1,6",True,Festivo,Miércoles,342.637,-764.865
2024-05-02,URBANA,039_ZW Biblioteca Daniel Guillard,13,MR76,24,6380,"1,2",False,Laboral,Jueves,342.637,-764.865
2024-05-03,URBANA,039_ZW Biblioteca Daniel Guillard,13,MR76,32,5757590,"1256,5",False,Laboral,Viernes,342.637,-764.865
2024-05-04,URBANA,039_ZW Biblioteca Daniel Guillard,13,MR76,31,3116406,"431,7",False,Fin de Semana,Sábado,342.637,-764.865
2024-05-05,URBANA,039_ZW Biblioteca Daniel Guillard,13,MR76,40,2940831,477,False,Fin de Semana,Domingo,342.637,-764.865
2024-05-06,URBANA,039_ZW Biblioteca Daniel Guillard,13,MR76,42,657476,"137,6",False,Laboral,Lunes,342.637,-764.865
2024-05-07,URBANA,039_ZW Biblioteca Daniel Guillard,13,MR76,36,1087597,"179,4",False,Laboral,Martes,342.637,-764.865
2024-05-08,URBANA,039_ZW Biblioteca Daniel Guillard,13,MR76,26,5287,"0,7",False,Laboral,Miércoles,342.637,-764.865
2024-05-09,URBANA,039_ZW Biblioteca Daniel Guillard,13,MR76,28,2710,"0,3",False,Laboral,Jueves,342.637,-764.865
2024-05-10,URBANA,039_ZW Biblioteca Daniel Guillard,13,MR76,34,7235,"0,9",False,Laboral,Viernes,342.637,-764.865
2024-05-11,URBANA,039_ZW Biblioteca Daniel Guillard,13,MR76,41,10716,"1,4",False,Fin de Semana,Sábado,342.637,-764.865
2024-05-12,URBANA,039_ZW Biblioteca Daniel Guillard,13,MR76,24,46536,"11,3",False,Fin de Semana,Domingo,342.637,-764.865
2024-05-13,URBANA,039_ZW Biblioteca Daniel Guillard,13,MR76,50,20992,"3,8",True,Festivo,Lunes,342.637,-764.865
2024-05-14,URBANA,039_ZW Biblioteca Daniel Guillard,13,MR76,35,3337,"1,5",False,Laboral,Martes,342.637,-764.865
2024-05-15,URBANA,039_ZW Biblioteca Daniel Guillard,13,MR76,34,9695,"1,6",False,Laboral,Miércoles,342.637,-764.865
2024-05-16,URBANA,039_ZW Biblioteca Daniel Guillard,13,MR76,42,10066,"1,2",False,Laboral,Jueves,342.637,-764.865
2024-05-17,URBANA,039_ZW Biblioteca Daniel Guillard,13,MR76,33,20525,2,False,Laboral,Viernes,342.637,-764.865
2024-05-18,URBANA,039_ZW Biblioteca Daniel Guillard,13,MR76,40,14871,"1,4",False,Fin de Semana,Sábado,342.637,-764.865
2024-05-19,URBANA,039_ZW Biblioteca Daniel Guillard,13,MR76,30,4610,"0,4",False,Fin de Semana,Domingo,342.637,-764.865
2024-05-20,URBANA,039_ZW Biblioteca Daniel Guillard,13,MR76,34,11376,"1,6",False,Laboral,Lunes,342.637,-764.865
2024-05-21,URBANA,039_ZW Biblioteca Daniel Guillard,13,MR76,33,2605,"0,3",False,Laboral,Martes,342.637,-764.865
2024-05-22,URBANA,039_ZW Biblioteca Daniel Guillard,13,MR76,23,7639,3,False,Laboral,Miércoles,342.637,-764.865
2024-05-23,URBANA,039_ZW Biblioteca Daniel Guillard,13,MR76,34,16862,"3,2",False,Laboral,Jueves,342.637,-764.865
2024-05-24,URBANA,039_ZW Biblioteca Daniel Guillard,13,MR76,39,5729,"1,2",False,Laboral,Viernes,342.637,-764.865
2024-05-25,URBANA,039_ZW Biblioteca Daniel Guillard,13,MR76,51,6546,"0,9",False,Fin de Semana,Sábado,342.637,-764.865
2024-05-26,URBANA,039_ZW Biblioteca Daniel Guillard,13,MR76,30,11972,"1,7",False,Fin de Semana,Domingo,342.637,-764.865
2024-05-27,URBANA,039_ZW Biblioteca Daniel Guillard,13,MR76,30,6504,"0,8",False,Laboral,Lunes,342.637,-764.865
2024-05-28,URBANA,039_ZW Biblioteca Daniel Guillard,13,MR76,30,2685,"0,4",False,Laboral,Martes,342.637,-764.865
2024-05-29,URBANA,039_ZW Biblioteca Daniel Guillard,13,MR76,16,3516,"0,7",False,Laboral,Miércoles,342.637,-764.865
2024-05-30,URBANA,039_ZW Biblioteca Daniel Guillard,13,MR76,33,5803,"0,5",False,Laboral,Jueves,342.637,-764.865
2024-05-31,URBANA,039_ZW Biblioteca Daniel Guillard,13,MR76,34,3083,"0,3",False,Laboral,Viernes,342.637,-764.865
2024-06-01,URBANA,039_ZW Biblioteca Daniel Guillard,13,MR76,41,7565,"0,8",False,Fin de Semana,Sábado,342.637,-764.865
2024-06-02,URBANA,039_ZW Biblioteca Daniel Guillard,13,MR76,33,4188,"0,4",False,Fin de Semana,Domingo,342.637,-764.865
2024-06-03,URBANA,039_ZW Biblioteca Daniel Guillard,13,MR76,41,12723,"1,8",True,Festivo,Lunes,342.637,-764.865
2024-06-04,URBANA,039_ZW Biblioteca Daniel Guillard,13,MR76,26,8838,"1,9",False,Laboral,Martes,342.637,-764.865
2024-06-05,URBANA,039_ZW Biblioteca Daniel Guillard,13,MR76,20,2627,"0,9",False,Laboral,Miércoles,342.637,-764.865
2024-06-06,URBANA,039_ZW Biblioteca Daniel Guillard,13,MR76,35,4575,"0,7",False,Laboral,Jueves,342.637,-764.865
2024-06-07,URBANA,039_ZW Biblioteca Daniel Guillard,13,MR76,35,10677,"2,2",False,Laboral,Viernes,342.637,-764.865
2024-06-08,URBANA,039_ZW Biblioteca Daniel Guillard,13,MR76,39,12216,"3,9",False,Fin de Semana,Sábado,342.637,-764.865
2024-06-09,URBANA,039_ZW Biblioteca Daniel Guillard,13,MR76,37,14529,5,False,Fin de Semana,Domingo,342.637,-764.865
2024-06-10,URBANA,039_ZW Biblioteca Daniel Guillard,13,MR76,39,18452,"3,4",True,Festivo,Lunes,342.637,-764.865
2024-06-11,URBANA,039_ZW Biblioteca Daniel Guillard,13,MR76,33,4674,"0,7",False,Laboral,Martes,342.637,-764.865
2024-06-12,URBANA,039_ZW Biblioteca Daniel Guillard,13,MR76,39,6999,"0,9",False,Laboral,Miércoles,342.637,-764.865
2024-06-13,URBANA,039_ZW Biblioteca Daniel Guillard,13,MR76,27,6988,136048900,False,Laboral,Jueves,342.637,-764.865
2024-06-14,URBANA,039_ZW Biblioteca Daniel Guillard,13,MR76,24,3903,117308700,False,Laboral,Viernes,342.637,-764.865
2024-06-15,URBANA,039_ZW Biblioteca Daniel Guillard,13,MR76,41,2378,42661900,False,Fin de Semana,Sábado,342.637,-764.865
2024-06-16,URBANA,039_ZW Biblioteca Daniel Guillard,13,MR76,41,7488,134274100,False,Fin de Semana,Domingo,342.637,-764.865
2024-06-17,URBANA,039_ZW Biblioteca Daniel Guillard,13,MR76,35,6094,1,False,Laboral,Lunes,342.637,-764.865
2024-06-18,URBANA,039_ZW Biblioteca Daniel Guillard,13,MR76,29,2336002,369,False,Laboral,Martes,342.637,-764.865
2024-06-19,URBANA,039_ZW Biblioteca Daniel Guillard,13,MR76,21,235202,"33,4",False,Laboral,Miércoles,342.637,-764.865
2024-06-20,URBANA,039_ZW Biblioteca Daniel Guillard,13,MR76,39,70689,"14,2",False,Laboral,Jueves,342.637,-764.865
2024-06-21,URBANA,039_ZW Biblioteca Daniel Guillard,13,MR76,35,135127,"23,2",False,Laboral,Viernes,342.637,-764.865
2024-06-22,URBANA,039_ZW Biblioteca Daniel Guillard,13,MR76,54,8899,"1,7",False,Fin de Semana,Sábado,342.637,-764.865
2024-06-23,URBANA,039_ZW Biblioteca Daniel Guillard,13,MR76,7,840,"0,3",False,Fin de Semana,Domingo,342.637,-764.865
2024-06-25,URBANA,039_ZW Biblioteca Daniel Guillard,13,MR76,33,1087833,"269,5",False,Laboral,Martes,342.637,-764.865
2024-06-26,URBANA,039_ZW Biblioteca Daniel Guillard,13,MR76,40,2762905,"713,5",False,Laboral,Miércoles,342.637,-764.865
2024-06-27,URBANA,039_ZW Biblioteca Daniel Guillard,13,MR76,34,6327791,1883,False,Laboral,Jueves,342.637,-764.865
2024-06-28,URBANA,039_ZW Biblioteca Daniel Guillard,13,MR76,1,3823,"0,7",False,Laboral,Viernes,342.637,-764.865
2024-06-29,URBANA,039_ZW Biblioteca Daniel Guillard,13,MR76,40,1231567,"208,8",False,Fin de Semana,Sábado,342.637,-764.865
2024-06-30,URBANA,039_ZW Biblioteca Daniel Guillard,13,MR76,30,4292099,"921,9",False,Fin de Semana,Domingo,342.637,-764.865
2024-07-01,URBANA,039_ZW Biblioteca Daniel Guillard,13,MR76,46,4333295,602,True,Festivo,Lunes,342.637,-764.865
2024-07-02,URBANA,039_ZW Biblioteca Daniel Guillard,13,MR76,4,906,"0,1",False,Laboral,Martes,342.637,-764.865
2024-07-03,URBANA,039_ZW Biblioteca Daniel Guillard,13,MR76,34,783260,"93,16",False,Laboral,Miércoles,342.637,-764.865
2024-07-04,URBANA,039_ZW Biblioteca Daniel Guillard,13,MR76,40,1577427,"198,79",False,Laboral,Jueves,342.637,-764.865
2024-07-05,URBANA,039_ZW Biblioteca Daniel Guillard,13,MR76,38,2111591,"247,84",False,Laboral,Viernes,342.637,-764.865
2024-07-06,URBANA,039_ZW Biblioteca Daniel Guillard,13,MR76,47,1915108,"227,51",False,Fin de Semana,Sábado,342.637,-764.865
2024-07-07,URBANA,039_ZW Biblioteca Daniel Guillard,13,MR76,64,1387055,"157,22",False,Fin de Semana,Domingo,342.637,-764.865
2024-07-08,URBANA,039_ZW Biblioteca Daniel Guillard,13,MR76,31,13221,"2,38",False,Laboral,Lunes,342.637,-764.865
2024-07-09,URBANA,039_ZW Biblioteca Daniel Guillard,13,MR76,36,12757,"2,2",False,Laboral,Martes,342.637,-764.865
2024-07-10,URBANA,039_ZW Biblioteca Daniel Guillard,13,MR76,51,5971,"0,86",False,Laboral,Miércoles,342.637,-764.865
2024-07-11,URBANA,039_ZW Biblioteca Daniel Guillard,13,MR76,52,9209,"1,25",False,Laboral,Jueves,342.637,-764.865
2024-07-12,URBANA,039_ZW Biblioteca Daniel Guillard,13,MR76,43,7216,"1,14",False,Laboral,Viernes,342.637,-764.865
2024-07-13,URBANA,039_ZW Biblioteca Daniel Guillard,13,MR76,44,250153,"35,51",False,Fin de Semana,Sábado,342.637,-764.865
2024-07-14,URBANA,039_ZW Biblioteca Daniel Guillard,13,MR76,52,1140767,"179,39",False,Fin de Semana,Domingo,342.637,-764.865
2024-07-15,URBANA,039_ZW Biblioteca Daniel Guillard,13,MR76,34,602809,"107,84",False,Laboral,Lunes,342.637,-764.865
2024-07-16,URBANA,039_ZW Biblioteca Daniel Guillard,13,MR76,46,2404046,"382,7",False,Laboral,Martes,342.637,-764.865
2024-07-17,URBANA,039_ZW Biblioteca Daniel Guillard,13,MR76,52,49217,"10,88",False,Laboral,Miércoles,342.637,-764.865
2024-07-18,URBANA,039_ZW Biblioteca Daniel Guillard,13,MR76,39,4865,"0,82",False,Laboral,Jueves,342.637,-764.865
2024-07-19,URBANA,039_ZW Biblioteca Daniel Guillard,13,MR76,44,10393,"1,45",False,Laboral,Viernes,342.637,-764.865
2024-07-20,URBANA,039_ZW Biblioteca Daniel Guillard,13,MR76,66,5117,"0,66",True,Festivo,Sábado,342.637,-764.865
2024-07-21,URBANA,039_ZW Biblioteca Daniel Guillard,13,MR76,47,4890,"0,75",False,Fin de Semana,Domingo,342.637,-764.865
2024-07-22,URBANA,039_ZW Biblioteca Daniel Guillard,13,MR76,33,5436,"0,78",False,Laboral,Lunes,342.637,-764.865
2024-07-23,URBANA,039_ZW Biblioteca Daniel Guillard,13,MR76,44,8844,"1,28",False,Laboral,Martes,342.637,-764.865
2024-07-24,URBANA,039_ZW Biblioteca Daniel Guillard,13,MR76,49,8914,"1,41",False,Laboral,Miércoles,342.637,-764.865
2024-07-25,URBANA,039_ZW Biblioteca Daniel Guillard,13,MR76,53,17550,"2,78",False,Laboral,Jueves,342.637,-764.865
2024-07-26,URBANA,039_ZW Biblioteca Daniel Guillard,13,MR76,64,6518,"0,86",False,Laboral,Viernes,342.637,-764.865
2024-07-27,URBANA,039_ZW Biblioteca Daniel Guillard,13,MR76,42,4189,"0,72",False,Fin de Semana,Sábado,342.637,-764.865
2024-07-28,URBANA,039_ZW Biblioteca Daniel Guillard,13,MR76,47,230100,"48,69",False,Fin de Semana,Domingo,342.637,-764.865
2024-07-29,URBANA,039_ZW Biblioteca Daniel Guillard,13,MR76,39,972317,"155,91",False,Laboral,Lunes,342.637,-764.865
2024-07-30,URBANA,039_ZW Biblioteca Daniel Guillard,13,MR76,56,1796388,"262,52",False,Laboral,Martes,342.637,-764.865
2024-07-31,URBANA,039_ZW Biblioteca Daniel Guillard,13,MR76,52,262936,"43,67",False,Laboral,Miércoles,342.637,-764.865
2024-08-01,URBANA,039_ZW Biblioteca Daniel Guillard,13,MR76,52,1206979,"180,11",False,Laboral,Jueves,342.637,-764.865
2024-08-02,URBANA,039_ZW Biblioteca Daniel Guillard,13,MR76,67,2514482,"418,31",False,Laboral,Viernes,342.637,-764.865
2024-08-03,URBANA,039_ZW Biblioteca Daniel Guillard,13,MR76,55,1876924,"382,42",False,Fin de Semana,Sábado,342.637,-764.865
2024-08-04,URBANA,039_ZW Biblioteca Daniel Guillard,13,MR76,63,1736539,"276,87",False,Fin de Semana,Domingo,342.637,-764.865
2024-08-05,URBANA,039_ZW Biblioteca Daniel Guillard,13,MR76,44,506688,"73,21",False,Laboral,Lunes,342.637,-764.865
2024-08-06,URBANA,039_ZW Biblioteca Daniel Guillard,13,MR76,41,512779,"49,37",False,Laboral,Martes,342.637,-764.865
2024-08-07,URBANA,039_ZW Biblioteca Daniel Guillard,13,MR76,59,3230687,"384,3",True,Festivo,Miércoles,342.637,-764.865
2024-08-08,URBANA,039_ZW Biblioteca Daniel Guillard,13,MR76,50,1854462,"232,66",False,Laboral,Jueves,342.637,-764.865
2024-08-09,URBANA,039_ZW Biblioteca Daniel Guillard,13,MR76,56,3999861,"738,18",False,Laboral,Viernes,342.637,-764.865
2024-08-10,URBANA,039_ZW Biblioteca Daniel Guillard,13,MR76,63,1742068,"329,74",False,Fin de Semana,Sábado,342.637,-764.865
2024-08-11,URBANA,039_ZW Biblioteca Daniel Guillard,13,MR76,52,5869,"1,02",False,Fin de Semana,Domingo,342.637,-764.865
2024-08-12,URBANA,039_ZW Biblioteca Daniel Guillard,13,MR76,52,6512,"1,4",False,Laboral,Lunes,342.637,-764.865
2024-08-13,URBANA,039_ZW Biblioteca Daniel Guillard,13,MR76,54,6744,"0,76",False,Laboral,Martes,342.637,-764.865
2024-08-14,URBANA,039_ZW Biblioteca Daniel Guillard,13,MR76,56,8883,"1,18",False,Laboral,Miércoles,342.637,-764.865
2024-08-15,URBANA,039_ZW Biblioteca Daniel Guillard,13,MR76,56,8221,"1,23",False,Laboral,Jueves,342.637,-764.865
2024-08-16,URBANA,039_ZW Biblioteca Daniel Guillard,13,MR76,69,6387,"0,87",False,Laboral,Viernes,342.637,-764.865
2024-08-17,URBANA,039_ZW Biblioteca Daniel Guillard,13,MR76,46,6382,"0,93",False,Fin de Semana,Sábado,342.637,-764.865
2024-08-18,URBANA,039_ZW Biblioteca Daniel Guillard,13,MR76,74,566175,"85,68",False,Fin de Semana,Domingo,342.637,-764.865
2024-08-19,URBANA,039_ZW Biblioteca Daniel Guillard,13,MR76,46,754921,"103,63",True,Festivo,Lunes,342.637,-764.865
2024-08-20,URBANA,039_ZW Biblioteca Daniel Guillard,13,MR76,47,536554,"132,84",False,Laboral,Martes,342.637,-764.865
2024-08-21,URBANA,039_ZW Biblioteca Daniel Guillard,13,MR76,44,705288,"205,41",False,Laboral,Miércoles,342.637,-764.865
2024-08-22,URBANA,039_ZW Biblioteca Daniel Guillard,13,MR76,54,5379,"1,43",False,Laboral,Jueves,342.637,-764.865
2024-08-23,URBANA,039_ZW Biblioteca Daniel Guillard,13,MR76,55,1091408,"444,68",False,Laboral,Viernes,342.637,-764.865
2024-08-24,URBANA,039_ZW Biblioteca Daniel Guillard,13,MR76,64,1303938,"883,72",False,Fin de Semana,Sábado,342.637,-764.865
2024-08-25,URBANA,039_ZW Biblioteca Daniel Guillard,13,MR76,60,710763,"680,04",False,Fin de Semana,Domingo,342.637,-764.865
2024-08-26,URBANA,039_ZW Biblioteca Daniel Guillard,13,MR76,47,962774,"1286,49",False,Laboral,Lunes,342.637,-764.865
2024-08-27,URBANA,039_ZW Biblioteca Daniel Guillard,13,MR76,53,1541773,"1654,84",False,Laboral,Martes,342.637,-764.865
2024-08-28,URBANA,039_ZW Biblioteca Daniel Guillard,13,MR76,19,45615,"80,93",False,Laboral,Miércoles,342.637,-764.865
2024-12-06,URBANA,039_ZW Biblioteca Daniel Guillard,13,MR76,37,454946,"20,23",False,Laboral,Viernes,342.637,-764.865
2024-12-07,URBANA,039_ZW Biblioteca Daniel Guillard,13,MR76,55,3335243,"162,57",False,Fin de Semana,Sábado,342.637,-764.865
2024-12-08,URBANA,039_ZW Biblioteca Daniel Guillard,13,MR76,44,1712801,"64,5",True,Festivo,Domingo,342.637,-764.865
2024-12-09,URBANA,039_ZW Biblioteca Daniel Guillard,13,MR76,56,3660240,"135,71",False,Laboral,Lunes,342.637,-764.865
2024-12-10,URBANA,039_ZW Biblioteca Daniel Guillard,13,MR76,40,1457035,"48,11",False,Laboral,Martes,342.637,-764.865
2024-12-11,URBANA,039_ZW Biblioteca Daniel Guillard,13,MR76,38,2918792,"96,8",False,Laboral,Miércoles,342.637,-764.865
2024-12-12,URBANA,039_ZW Biblioteca Daniel Guillard,13,MR76,43,7257689,"211,5",False,Laboral,Jueves,342.637,-764.865
2024-12-13,URBANA,039_ZW Biblioteca Daniel Guillard,13,MR76,44,7274412,"214,42",False,Laboral,Viernes,342.637,-764.865
2024-12-14,URBANA,039_ZW Biblioteca Daniel Guillard,13,MR76,64,2361847,"77,75",False,Fin de Semana,Sábado,342.637,-764.865
2024-12-15,URBANA,039_ZW Biblioteca Daniel Guillard,13,MR76,35,3912577,"132,07",False,Fin de Semana,Domingo,342.637,-764.865
2024-12-16,URBANA,039_ZW Biblioteca Daniel Guillard,13,MR76,43,2277923,"68,5",False,Laboral,Lunes,342.637,-764.865
2024-12-17,URBANA,039_ZW Biblioteca Daniel Guillard,13,MR76,57,1227438,40,False,Laboral,Martes,342.637,-764.865
2024-12-18,URBANA,039_ZW Biblioteca Daniel Guillard,13,MR76,42,3144463,"99,6",False,Laboral,Miércoles,342.637,-764.865
2024-12-19,URBANA,039_ZW Biblioteca Daniel Guillard,13,MR76,51,2611322,"91,8",False,Laboral,Jueves,342.637,-764.865
2024-12-20,URBANA,039_ZW Biblioteca Daniel Guillard,13,MR76,36,5276187,174,False,Laboral,Viernes,342.637,-764.865
2024-12-21,URBANA,039_ZW Biblioteca Daniel Guillard,13,MR76,40,3923202,150,False,Fin de Semana,Sábado,342.637,-764.865
2024-12-22,URBANA,039_ZW Biblioteca Daniel Guillard,13,MR76,42,8924566,279,False,Fin de Semana,Domingo,342.637,-764.865
2024-12-23,URBANA,039_ZW Biblioteca Daniel Guillard,13,MR76,55,5012054,200,False,Laboral,Lunes,342.637,-764.865
2024-12-24,URBANA,039_ZW Biblioteca Daniel Guillard,13,MR76,32,2551919,107,False,Laboral,Martes,342.637,-764.865
2024-12-25,URBANA,039_ZW Biblioteca Daniel Guillard,13,MR76,49,2980385,106,True,Festivo,Miércoles,342.637,-764.865
2024-12-26,URBANA,039_ZW Biblioteca Daniel Guillard,13,MR76,35,9392685,343,False,Laboral,Jueves,342.637,-764.865
2024-12-27,URBANA,039_ZW Biblioteca Daniel Guillard,13,MR76,34,3092317,"94,8",False,Laboral,Viernes,342.637,-764.865
2024-12-28,URBANA,039_ZW Biblioteca Daniel Guillard,13,MR76,29,8244160,350,False,Fin de Semana,Sábado,342.637,-764.865
2024-12-29,URBANA,039_ZW Biblioteca Daniel Guillard,13,MR76,42,13757095,426,False,Fin de Semana,Domingo,342.637,-764.865
2024-12-30,URBANA,039_ZW Biblioteca Daniel Guillard,13,MR76,33,2612441,107,False,Laboral,Lunes,342.637,-764.865
2024-12-31,RURAL,039_ZW Biblioteca Daniel Guillard,13,MR76,42,2311895,125,False,Laboral,Martes,342.637,-764.865
2025-01-01,URBANA,039_ZW Biblioteca Daniel Guillard,13,MR76,47,3040820,207,True,Festivo,Miércoles,342.637,-764.865
2025-01-02,URBANA,039_ZW Biblioteca Daniel Guillard,13,MR76,30,1169978,42,False,Laboral,Jueves,342.637,-764.865
2025-01-03,URBANA,039_ZW Biblioteca Daniel Guillard,13,MR76,30,2080986,78,False,Laboral,Viernes,342.637,-764.865
2025-01-04,URBANA,039_ZW Biblioteca Daniel Guillard,13,MR76,43,5293246,196,False,Fin de Semana,Sábado,342.637,-764.865
2025-01-05,URBANA,039_ZW Biblioteca Daniel Guillard,13,MR76,43,1870720,57,False,Fin de Semana,Domingo,342.637,-764.865
2025-01-06,URBANA,039_ZW Biblioteca Daniel Guillard,13,MR76,44,1981253,53,True,Festivo,Lunes,342.637,-764.865
2025-01-07,URBANA,039_ZW Biblioteca Daniel Guillard,13,MR76,41,3068958,93,False,Laboral,Martes,342.637,-764.865
2025-01-08,URBANA,039_ZW Biblioteca Daniel Guillard,13,MR76,32,3612449,105,False,Laboral,Miércoles,342.637,-764.865
2025-01-09,URBANA,039_ZW Biblioteca Daniel Guillard,13,MR76,47,6391110,183,False,Laboral,Jueves,342.637,-764.865
2025-01-10,URBANA,039_ZW Biblioteca Daniel Guillard,13,MR76,46,7110194,197,False,Laboral,Viernes,342.637,-764.865
2025-01-11,URBANA,039_ZW Biblioteca Daniel Guillard,13,MR76,59,10682217,313,False,Fin de Semana,Sábado,342.637,-764.865
2025-01-12,URBANA,039_ZW Biblioteca Daniel Guillard,13,MR76,46,3516309,94,False,Fin de Semana,Domingo,342.637,-764.865
2025-01-13,URBANA,039_ZW Biblioteca Daniel Guillard,13,MR76,38,5978553,199,False,Laboral,Lunes,342.637,-764.865
2025-01-14,URBANA,039_ZW Biblioteca Daniel Guillard,13,MR76,37,3907777,129,False,Laboral,Martes,342.637,-764.865
2025-01-15,URBANA,039_ZW Biblioteca Daniel Guillard,13,MR76,38,7637540,264,False,Laboral,Miércoles,342.637,-764.865
2025-01-16,URBANA,039_ZW Biblioteca Daniel Guillard,13,MR76,49,5109026,162,False,Laboral,Jueves,342.637,-764.865
2025-01-17,URBANA,039_ZW Biblioteca Daniel Guillard,13,MR76,48,8455077,277,False,Laboral,Viernes,342.637,-764.865
2025-01-18,URBANA,039_ZW Biblioteca Daniel Guillard,13,MR76,58,8901919,294,False,Fin de Semana,Sábado,342.637,-764.865
2025-01-19,URBANA,039_ZW Biblioteca Daniel Guillard,13,MR76,54,11140149,344,False,Fin de Semana,Domingo,342.637,-764.865
2025-01-20,URBANA,039_ZW Biblioteca Daniel Guillard,13,MR76,49,9768008,302,False,Laboral,Lunes,342.637,-764.865
2025-01-21,URBANA,039_ZW Biblioteca Daniel Guillard,13,MR76,47,7080025,197,False,Laboral,Martes,342.637,-764.865
2025-01-22,URBANA,039_ZW Biblioteca Daniel Guillard,13,MR76,56,9135397,272,False,Laboral,Miércoles,342.637,-764.865
2025-01-23,URBANA,039_ZW Biblioteca Daniel Guillard,13,MR76,52,6288249,157,False,Laboral,Jueves,342.637,-764.865
2025-01-24,URBANA,039_ZW Biblioteca Daniel Guillard,13,MR76,53,9873584,296,False,Laboral,Viernes,342.637,-764.865
2025-01-25,URBANA,039_ZW Biblioteca Daniel Guillard,13,MR76,58,2875619,77,False,Fin de Semana,Sábado,342.637,-764.865
2025-01-26,URBANA,039_ZW Biblioteca Daniel Guillard,13,MR76,47,4597942,117,False,Fin de Semana,Domingo,342.637,-764.865
2025-01-27,URBANA,039_ZW Biblioteca Daniel Guillard,13,MR76,57,8432415,222,False,Laboral,Lunes,342.637,-764.865
2025-01-28,URBANA,039_ZW Biblioteca Daniel Guillard,13,MR76,62,5400706,164,False,Laboral,Martes,342.637,-764.865
2025-01-29,URBANA,039_ZW Biblioteca Daniel Guillard,13,MR76,49,5401922,149,False,Laboral,Miércoles,342.637,-764.865
2025-01-30,URBANA,039_ZW Biblioteca Daniel Guillard,13,MR76,46,3742355,138,False,Laboral,Jueves,342.637,-764.865
2025-01-31,URBANA,039_ZW Biblioteca Daniel Guillard,13,MR76,43,2686623,146,False,Laboral,Viernes,342.637,-764.865
2025-02-01,URBANA,039_ZW Biblioteca Daniel Guillard,13,MR76,60,8759103,309,False,Fin de Semana,Sábado,342.637,-764.865
2025-02-02,URBANA,039_ZW Biblioteca Daniel Guillard,13,MR76,62,11959218,354,False,Fin de Semana,Domingo,342.637,-764.865
2025-02-03,URBANA,039_ZW Biblioteca Daniel Guillard,13,MR76,41,17476746,677,False,Laboral,Lunes,342.637,-764.865
2025-02-04,URBANA,039_ZW Biblioteca Daniel Guillard,13,MR76,52,7839671,278,False,Laboral,Martes,342.637,-764.865
2025-02-05,URBANA,039_ZW Biblioteca Daniel Guillard,13,MR76,48,4675069,193,False,Laboral,Miércoles,342.637,-764.865
2025-02-06,URBANA,039_ZW Biblioteca Daniel Guillard,13,MR76,60,11491289,424,False,Laboral,Jueves,342.637,-764.865
2025-02-07,URBANA,039_ZW Biblioteca Daniel Guillard,13,MR76,50,10649728,363,False,Laboral,Viernes,342.637,-764.865
2025-02-08,URBANA,039_ZW Biblioteca Daniel Guillard,13,MR76,48,6282801,235,False,Fin de Semana,Sábado,342.637,-764.865
2025-02-09,URBANA,039_ZW Biblioteca Daniel Guillard,13,MR76,56,5588715,176,False,Fin de Semana,Domingo,342.637,-764.865
2025-02-10,URBANA,039_ZW Biblioteca Daniel Guillard,13,MR76,46,5099320,194,False,Laboral,Lunes,342.637,-764.865
2025-02-11,URBANA,039_ZW Biblioteca Daniel Guillard,13,MR76,42,3161974,107,False,Laboral,Martes,342.637,-764.865
2025-02-12,URBANA,039_ZW Biblioteca Daniel Guillard,13,MR76,42,5515185,167,False,Laboral,Miércoles,342.637,-764.865
2025-02-13,URBANA,039_ZW Biblioteca Daniel Guillard,13,MR76,41,2860664,134,False,Laboral,Jueves,342.637,-764.865
2025-02-14,URBANA,039_ZW Biblioteca Daniel Guillard,13,MR76,54,7992045,239,False,Laboral,Viernes,342.637,-764.865
2025-02-15,URBANA,039_ZW Biblioteca Daniel Guillard,13,MR76,55,3212543,116,False,Fin de Semana,Sábado,342.637,-764.865
2025-02-16,URBANA,039_ZW Biblioteca Daniel Guillard,13,MR76,56,2327279,77,False,Fin de Semana,Domingo,342.637,-764.865
2025-02-17,URBANA,039_ZW Biblioteca Daniel Guillard,13,MR76,38,2250134,80,False,Laboral,Lunes,342.637,-764.865
2025-02-18,URBANA,039_ZW Biblioteca Daniel Guillard,13,MR76,49,2430211,86,False,Laboral,Martes,342.637,-764.865
2025-02-19,URBANA,039_ZW Biblioteca Daniel Guillard,13,MR76,51,3647591,116,False,Laboral,Miércoles,342.637,-764.865
2025-02-20,URBANA,039_ZW Biblioteca Daniel Guillard,13,MR76,61,7058196,200,False,Laboral,Jueves,342.637,-764.865
2025-02-21,URBANA,039_ZW Biblioteca Daniel Guillard,13,MR76,50,5881416,202,False,Laboral,Viernes,342.637,-764.865
2025-02-22,URBANA,039_ZW Biblioteca Daniel Guillard,13,MR76,59,7362125,259,False,Fin de Semana,Sábado,342.637,-764.865
2025-02-23,URBANA,039_ZW Biblioteca Daniel Guillard,13,MR76,63,5021015,146,False,Fin de Semana,Domingo,342.637,-764.865
2025-02-24,URBANA,039_ZW Biblioteca Daniel Guillard,13,MR76,54,3725471,153,False,Laboral,Lunes,342.637,-764.865
2025-02-25,URBANA,039_ZW Biblioteca Daniel Guillard,13,MR76,49,2821437,91,False,Laboral,Martes,342.637,-764.865
2025-02-26,URBANA,039_ZW Biblioteca Daniel Guillard,13,MR76,50,3698215,134,False,Laboral,Miércoles,342.637,-764.865
2025-02-27,URBANA,039_ZW Biblioteca Daniel Guillard,13,MR76,73,8382177,293,False,Laboral,Jueves,342.637,-764.865
2025-02-28,URBANA,039_ZW Biblioteca Daniel Guillard,13,MR76,58,7212306,256,False,Laboral,Viernes,342.637,-764.865
2025-03-01,URBANA,039_ZW Biblioteca Daniel Guillard,13,MR76,66,7133535,269,False,Fin de Semana,Sábado,342.637,-764.865
2025-03-02,URBANA,039_ZW Biblioteca Daniel Guillard,13,MR76,71,11467225,338,False,Fin de Semana,Domingo,342.637,-764.865
2025-03-03,URBANA,039_ZW Biblioteca Daniel Guillard,13,MR76,64,8349958,313,False,Laboral,Lunes,342.637,-764.865
2025-03-04,URBANA,039_ZW Biblioteca Daniel Guillard,13,MR76,49,3800812,172,False,Laboral,Martes,342.637,-764.865
2025-03-05,URBANA,039_ZW Biblioteca Daniel Guillard,13,MR76,63,4403822,156,False,Laboral,Miércoles,342.637,-764.865
2025-03-06,URBANA,039_ZW Biblioteca Daniel Guillard,13,MR76,56,5591769,180,False,Laboral,Jueves,342.637,-764.865
2025-03-07,URBANA,039_ZW Biblioteca Daniel Guillard,13,MR76,43,3206655,115,False,Laboral,Viernes,342.637,-764.865
2025-03-08,URBANA,039_ZW Biblioteca Daniel Guillard,13,MR76,64,8057526,234,False,Fin de Semana,Sábado,342.637,-764.865
2025-03-09,URBANA,039_ZW Biblioteca Daniel Guillard,13,MR76,43,3522693,110,False,Fin de Semana,Domingo,342.637,-764.865
2025-03-10,URBANA,039_ZW Biblioteca Daniel Guillard,13,MR76,62,5010276,145,False,Laboral,Lunes,342.637,-764.865
2025-03-11,URBANA,039_ZW Biblioteca Daniel Guillard,13,MR76,38,2287188,103,False,Laboral,Martes,342.637,-764.865
2025-03-12,URBANA,039_ZW Biblioteca Daniel Guillard,13,MR76,49,3203441,108,False,Laboral,Miércoles,342.637,-764.865
2025-03-13,URBANA,039_ZW Biblioteca Daniel Guillard,13,MR76,41,1962561,81,False,Laboral,Jueves,342.637,-764.865
2025-03-14,URBANA,039_ZW Biblioteca Daniel Guillard,13,MR76,58,4109791,139,False,Laboral,Viernes,342.637,-764.865
2025-03-15,URBANA,039_ZW Biblioteca Daniel Guillard,13,MR76,57,4251942,137,False,Fin de Semana,Sábado,342.637,-764.865
2025-03-16,URBANA,039_ZW Biblioteca Daniel Guillard,13,MR76,63,7233415,233,False,Fin de Semana,Domingo,342.637,-764.865
2025-03-17,URBANA,039_ZW Biblioteca Daniel Guillard,13,MR76,48,4892519,168,False,Laboral,Lunes,342.637,-764.865
2025-03-18,URBANA,039_ZW Biblioteca Daniel Guillard,13,MR76,62,12666203,384,False,Laboral,Martes,342.637,-764.865
2025-03-19,URBANA,039_ZW Biblioteca Daniel Guillard,13,MR76,61,6868061,247,False,Laboral,Miércoles,342.637,-764.865
2025-03-20,URBANA,039_ZW Biblioteca Daniel Guillard,13,MR76,56,5031905,162,False,Laboral,Jueves,342.637,-764.865
2025-03-21,URBANA,039_ZW Biblioteca Daniel Guillard,13,MR76,71,6146249,167,False,Laboral,Viernes,342.637,-764.865
2025-03-22,URBANA,039_ZW Biblioteca Daniel Guillard,13,MR76,53,5091916,168,False,Fin de Semana,Sábado,342.637,-764.865
2025-03-23,URBANA,039_ZW Biblioteca Daniel Guillard,13,MR76,60,7022841,218,False,Fin de Semana,Domingo,342.637,-764.865
2025-03-24,URBANA,039_ZW Biblioteca Daniel Guillard,13,MR76,71,13748467,340,True,Festivo,Lunes,342.637,-764.865
2025-03-25,URBANA,039_ZW Biblioteca Daniel Guillard,13,MR76,61,10114262,294,False,Laboral,Martes,342.637,-764.865
2025-03-26,URBANA,039_ZW Biblioteca Daniel Guillard,13,MR76,68,8285466,267,False,Laboral,Miércoles,342.637,-764.865
2025-03-27,URBANA,039_ZW Biblioteca Daniel Guillard,13,MR76,57,11512087,318,False,Laboral,Jueves,342.637,-764.865
2025-03-28,URBANA,039_ZW Biblioteca Daniel Guillard,13,MR76,62,4632409,192,False,Laboral,Viernes,342.637,-764.865
2025-03-29,URBANA,039_ZW Biblioteca Daniel Guillard,13,MR76,66,5320477,166,False,Fin de Semana,Sábado,342.637,-764.865
2025-03-30,URBANA,039_ZW Biblioteca Daniel Guillard,13,MR76,63,7336342,210,False,Fin de Semana,Domingo,342.637,-764.865
2025-03-31,URBANA,039_ZW Biblioteca Daniel Guillard,13,MR76,65,3561131,118,False,Laboral,Lunes,342.637,-764.865
