FECHA.CONEXION,AREA,NOMBRE.ZONA,COMUNA,MODEL,NUMERO.CONEXIONES,USAGE.KB,PORCENTAJE.USO,es_festivo,tipo_dia,dia_semana,LATITUD,LONGITUD
2024-01-01,URBANA,055_ZW Polideportivo Petecuy,6,MR76,1,2,0,True,Festivo,Lunes,347.938,-7.648.235
2024-01-02,URBANA,055_ZW Polideportivo Petecuy,6,MR76,1,2,0,False,Laboral,Martes,347.938,-7.648.235
2024-01-03,URBANA,055_ZW Polideportivo Petecuy,6,MR76,5,153601,"12,7",False,Laboral,Miércoles,347.938,-7.648.235
2024-01-04,URBANA,055_ZW Polideportivo Petecuy,6,MR76,5,524867,"49,7",False,Laboral,Jueves,347.938,-7.648.235
2024-01-05,URBANA,055_ZW Polideportivo Petecuy,6,MR76,9,6368,"0,6",False,Laboral,Viernes,347.938,-7.648.235
2024-01-06,URBANA,055_ZW Polideportivo Petecuy,6,MR76,7,81513,"10,6",False,Fin de Semana,Sábado,347.938,-7.648.235
2024-01-07,URBANA,055_ZW Polideportivo Petecuy,6,MR76,9,901716,"89,8",False,Fin de Semana,Domingo,347.938,-7.648.235
2024-01-08,URBANA,055_ZW Polideportivo Petecuy,6,MR76,7,2119620,"134,4",True,Festivo,Lunes,347.938,-7.648.235
2024-01-09,URBANA,055_ZW Polideportivo Petecuy,6,MR76,9,373358,"28,8",False,Laboral,Martes,347.938,-7.648.235
2024-01-10,URBANA,055_ZW Polideportivo Petecuy,6,MR76,17,1034399,"85,7",False,Laboral,Miércoles,347.938,-7.648.235
2024-01-11,URBANA,055_ZW Polideportivo Petecuy,6,MR76,9,824989,"76,7",False,Laboral,Jueves,347.938,-7.648.235
2024-01-12,URBANA,055_ZW Polideportivo Petecuy,6,MR76,17,1300761,112,False,Laboral,Viernes,347.938,-7.648.235
2024-01-13,URBANA,055_ZW Polideportivo Petecuy,6,MR76,13,1809205,201,False,Fin de Semana,Sábado,347.938,-7.648.235
2024-01-14,URBANA,055_ZW Polideportivo Petecuy,6,MR76,10,3641697,"460,2",False,Fin de Semana,Domingo,347.938,-7.648.235
2024-01-15,URBANA,055_ZW Polideportivo Petecuy,6,MR76,24,1620146,"234,2",False,Laboral,Lunes,347.938,-7.648.235
2024-01-16,URBANA,055_ZW Polideportivo Petecuy,6,MR76,21,4912968,"574,4",False,Laboral,Martes,347.938,-7.648.235
2024-01-17,URBANA,055_ZW Polideportivo Petecuy,6,MR76,23,1849065,"184,9",False,Laboral,Miércoles,347.938,-7.648.235
2024-01-18,URBANA,055_ZW Polideportivo Petecuy,6,MR76,21,2196344,"183,1",False,Laboral,Jueves,347.938,-7.648.235
2024-01-19,URBANA,055_ZW Polideportivo Petecuy,6,MR76,27,4532702,"295,3",False,Laboral,Viernes,347.938,-7.648.235
2024-01-20,URBANA,055_ZW Polideportivo Petecuy,6,MR76,19,3305417,"255,3",False,Fin de Semana,Sábado,347.938,-7.648.235
2024-01-21,URBANA,055_ZW Polideportivo Petecuy,6,MR76,18,3240522,"250,3",False,Fin de Semana,Domingo,347.938,-7.648.235
2024-01-22,URBANA,055_ZW Polideportivo Petecuy,6,MR76,16,188115,"17,9",False,Laboral,Lunes,347.938,-7.648.235
2024-01-23,URBANA,055_ZW Polideportivo Petecuy,6,MR76,16,1685,"0,2",False,Laboral,Martes,347.938,-7.648.235
2024-01-24,URBANA,055_ZW Polideportivo Petecuy,6,MR76,16,3493,"0,3",False,Laboral,Miércoles,347.938,-7.648.235
2024-01-25,URBANA,055_ZW Polideportivo Petecuy,6,MR76,27,94763,"6,3",False,Laboral,Jueves,347.938,-7.648.235
2024-01-26,URBANA,055_ZW Polideportivo Petecuy,6,MR76,17,3318,"0,2",False,Laboral,Viernes,347.938,-7.648.235
2024-01-27,URBANA,055_ZW Polideportivo Petecuy,6,MR76,16,1514,"0,1",False,Fin de Semana,Sábado,347.938,-7.648.235
2024-01-28,URBANA,055_ZW Polideportivo Petecuy,6,MR76,9,14106,"1,4",False,Fin de Semana,Domingo,347.938,-7.648.235
2024-01-29,URBANA,055_ZW Polideportivo Petecuy,6,MR76,20,391150,"33,6",False,Laboral,Lunes,347.938,-7.648.235
2024-01-30,URBANA,055_ZW Polideportivo Petecuy,6,MR76,30,3282,"0,4",False,Laboral,Martes,347.938,-7.648.235
2024-01-31,URBANA,055_ZW Polideportivo Petecuy,6,MR76,26,9760,"0,9",False,Laboral,Miércoles,347.938,-7.648.235
2024-02-01,URBANA,055_ZW Polideportivo Petecuy,6,MR76,23,3042,"0,2",False,Laboral,Jueves,347.938,-7.648.235
2024-02-02,URBANA,055_ZW Polideportivo Petecuy,6,MR76,14,2884,"0,3",False,Laboral,Viernes,347.938,-7.648.235
2024-02-03,URBANA,055_ZW Polideportivo Petecuy,6,MR76,12,8746,"0,5",False,Fin de Semana,Sábado,347.938,-7.648.235
2024-02-04,URBANA,055_ZW Polideportivo Petecuy,6,MR76,10,921,"0,1",False,Fin de Semana,Domingo,347.938,-7.648.235
2024-02-05,URBANA,055_ZW Polideportivo Petecuy,6,MR76,13,2569,"0,2",False,Laboral,Lunes,347.938,-7.648.235
2024-02-06,URBANA,055_ZW Polideportivo Petecuy,6,MR76,21,4414,"0,3",False,Laboral,Martes,347.938,-7.648.235
2024-02-07,URBANA,055_ZW Polideportivo Petecuy,6,MR76,19,3411,"0,2",False,Laboral,Miércoles,347.938,-7.648.235
2024-02-08,URBANA,055_ZW Polideportivo Petecuy,6,MR76,15,571,0,False,Laboral,Jueves,347.938,-7.648.235
2024-02-09,URBANA,055_ZW Polideportivo Petecuy,6,MR76,22,3176,"0,3",False,Laboral,Viernes,347.938,-7.648.235
2024-02-10,URBANA,055_ZW Polideportivo Petecuy,6,MR76,15,1417,"0,1",False,Fin de Semana,Sábado,347.938,-7.648.235
2024-02-11,URBANA,055_ZW Polideportivo Petecuy,6,MR76,22,1859,"0,1",False,Fin de Semana,Domingo,347.938,-7.648.235
2024-02-12,URBANA,055_ZW Polideportivo Petecuy,6,MR76,20,2466,"0,2",False,Laboral,Lunes,347.938,-7.648.235
2024-02-13,URBANA,055_ZW Polideportivo Petecuy,6,MR76,19,1261,"0,1",False,Laboral,Martes,347.938,-7.648.235
2024-02-14,URBANA,055_ZW Polideportivo Petecuy,6,MR76,24,5375,"0,7",False,Laboral,Miércoles,347.938,-7.648.235
2024-02-15,URBANA,055_ZW Polideportivo Petecuy,6,MR76,10,2563,"0,2",False,Laboral,Jueves,347.938,-7.648.235
2024-02-16,URBANA,055_ZW Polideportivo Petecuy,6,MR76,20,1395,"0,1",False,Laboral,Viernes,347.938,-7.648.235
2024-02-17,URBANA,055_ZW Polideportivo Petecuy,6,MR76,22,11340,"1,1",False,Fin de Semana,Sábado,347.938,-7.648.235
2024-02-18,URBANA,055_ZW Polideportivo Petecuy,6,MR76,20,3488,"0,3",False,Fin de Semana,Domingo,347.938,-7.648.235
2024-02-19,URBANA,055_ZW Polideportivo Petecuy,6,MR76,26,21155,"1,4",False,Laboral,Lunes,347.938,-7.648.235
2024-02-20,URBANA,055_ZW Polideportivo Petecuy,6,MR76,26,74930,"6,1",False,Laboral,Martes,347.938,-7.648.235
2024-02-21,URBANA,055_ZW Polideportivo Petecuy,6,MR76,17,802,"0,1",False,Laboral,Miércoles,347.938,-7.648.235
2024-02-22,URBANA,055_ZW Polideportivo Petecuy,6,MR76,24,2146,"0,1",False,Laboral,Jueves,347.938,-7.648.235
2024-02-23,URBANA,055_ZW Polideportivo Petecuy,6,MR76,25,8024,"0,6",False,Laboral,Viernes,347.938,-7.648.235
2024-02-24,URBANA,055_ZW Polideportivo Petecuy,6,MR76,21,2446,"0,2",False,Fin de Semana,Sábado,347.938,-7.648.235
2024-02-25,URBANA,055_ZW Polideportivo Petecuy,6,MR76,12,1622,"0,1",False,Fin de Semana,Domingo,347.938,-7.648.235
2024-02-26,URBANA,055_ZW Polideportivo Petecuy,6,MR76,13,137,0,False,Laboral,Lunes,347.938,-7.648.235
2024-02-27,URBANA,055_ZW Polideportivo Petecuy,6,MR76,20,2734,"0,2",False,Laboral,Martes,347.938,-7.648.235
2024-02-28,URBANA,055_ZW Polideportivo Petecuy,6,MR76,17,2233,"0,1",False,Laboral,Miércoles,347.938,-7.648.235
2024-02-29,URBANA,055_ZW Polideportivo Petecuy,6,MR76,25,2095,"0,3",False,Laboral,Jueves,347.938,-7.648.235
2024-03-01,URBANA,055_ZW Polideportivo Petecuy,6,MR76,18,1331,"0,1",False,Laboral,Viernes,347.938,-7.648.235
2024-03-02,URBANA,055_ZW Polideportivo Petecuy,6,MR76,19,2860,"0,3",False,Fin de Semana,Sábado,347.938,-7.648.235
2024-03-03,URBANA,055_ZW Polideportivo Petecuy,6,MR76,21,3196,"0,2",False,Fin de Semana,Domingo,347.938,-7.648.235
2024-03-04,URBANA,055_ZW Polideportivo Petecuy,6,MR76,19,1100,"0,1",False,Laboral,Lunes,347.938,-7.648.235
2024-03-05,URBANA,055_ZW Polideportivo Petecuy,6,MR76,19,1559,"0,1",False,Laboral,Martes,347.938,-7.648.235
2024-03-06,URBANA,055_ZW Polideportivo Petecuy,6,MR76,16,7015,"0,6",False,Laboral,Miércoles,347.938,-7.648.235
2024-03-07,URBANA,055_ZW Polideportivo Petecuy,6,MR76,31,6588,"0,6",False,Laboral,Jueves,347.938,-7.648.235
2024-03-08,URBANA,055_ZW Polideportivo Petecuy,6,MR76,35,4185,"0,4",False,Laboral,Viernes,347.938,-7.648.235
2024-03-09,URBANA,055_ZW Polideportivo Petecuy,6,MR76,18,3222,"0,3",False,Fin de Semana,Sábado,347.938,-7.648.235
2024-03-10,URBANA,055_ZW Polideportivo Petecuy,6,MR76,14,2562,"0,3",False,Fin de Semana,Domingo,347.938,-7.648.235
2024-03-11,URBANA,055_ZW Polideportivo Petecuy,6,MR76,24,1440,"0,2",False,Laboral,Lunes,347.938,-7.648.235
2024-03-12,URBANA,055_ZW Polideportivo Petecuy,6,MR76,19,195657,"22,2",False,Laboral,Martes,347.938,-7.648.235
2024-03-13,URBANA,055_ZW Polideportivo Petecuy,6,MR76,24,5465,"0,7",False,Laboral,Miércoles,347.938,-7.648.235
2024-03-14,URBANA,055_ZW Polideportivo Petecuy,6,MR76,14,1209,"0,1",False,Laboral,Jueves,347.938,-7.648.235
2024-03-15,URBANA,055_ZW Polideportivo Petecuy,6,MR76,20,6329,"0,5",False,Laboral,Viernes,347.938,-7.648.235
2024-03-16,URBANA,055_ZW Polideportivo Petecuy,6,MR76,25,3793,"0,3",False,Fin de Semana,Sábado,347.938,-7.648.235
2024-03-17,URBANA,055_ZW Polideportivo Petecuy,6,MR76,19,280913,"21,7",False,Fin de Semana,Domingo,347.938,-7.648.235
2024-03-18,URBANA,055_ZW Polideportivo Petecuy,6,MR76,14,15041,"1,3",False,Laboral,Lunes,347.938,-7.648.235
2024-03-19,URBANA,055_ZW Polideportivo Petecuy,6,MR76,20,431279,"57,2",False,Laboral,Martes,347.938,-7.648.235
2024-03-20,URBANA,055_ZW Polideportivo Petecuy,6,MR76,18,3427,"0,5",False,Laboral,Miércoles,347.938,-7.648.235
2024-03-21,URBANA,055_ZW Polideportivo Petecuy,6,MR76,25,109009,"12,5",False,Laboral,Jueves,347.938,-7.648.235
2024-03-22,URBANA,055_ZW Polideportivo Petecuy,6,MR76,21,168728,"17,3",False,Laboral,Viernes,347.938,-7.648.235
2024-03-23,URBANA,055_ZW Polideportivo Petecuy,6,MR76,15,444521,57,False,Fin de Semana,Sábado,347.938,-7.648.235
2024-03-24,URBANA,055_ZW Polideportivo Petecuy,6,MR76,36,2772,"0,3",True,Festivo,Domingo,347.938,-7.648.235
2024-03-25,URBANA,055_ZW Polideportivo Petecuy,6,MR76,16,1608,"0,2",True,Festivo,Lunes,347.938,-7.648.235
2024-03-26,URBANA,055_ZW Polideportivo Petecuy,6,MR76,33,34186,"4,4",False,Laboral,Martes,347.938,-7.648.235
2024-03-27,URBANA,055_ZW Polideportivo Petecuy,6,MR76,28,20176,"2,5",False,Laboral,Miércoles,347.938,-7.648.235
2024-03-28,URBANA,055_ZW Polideportivo Petecuy,6,MR76,22,7920,"1,2",True,Festivo,Jueves,347.938,-7.648.235
2024-03-29,URBANA,055_ZW Polideportivo Petecuy,6,MR76,18,8250,"0,8",True,Festivo,Viernes,347.938,-7.648.235
2024-03-30,URBANA,055_ZW Polideportivo Petecuy,6,MR76,24,112626,"18,1",False,Fin de Semana,Sábado,347.938,-7.648.235
2024-03-31,URBANA,055_ZW Polideportivo Petecuy,6,MR76,18,218838,"28,7",True,Festivo,Domingo,347.938,-7.648.235
2024-04-01,URBANA,055_ZW Polideportivo Petecuy,6,MR76,27,7227688,689,False,Laboral,Lunes,347.938,-7.648.235
2024-04-02,URBANA,055_ZW Polideportivo Petecuy,6,MR76,16,37144,"5,3",False,Laboral,Martes,347.938,-7.648.235
2024-04-03,URBANA,055_ZW Polideportivo Petecuy,6,MR76,33,1763461,"195,7",False,Laboral,Miércoles,347.938,-7.648.235
2024-04-04,URBANA,055_ZW Polideportivo Petecuy,6,MR76,29,605362,"52,7",False,Laboral,Jueves,347.938,-7.648.235
2024-04-05,URBANA,055_ZW Polideportivo Petecuy,6,MR76,32,427560,38,False,Laboral,Viernes,347.938,-7.648.235
2024-04-06,URBANA,055_ZW Polideportivo Petecuy,6,MR76,27,20667,"1,7",False,Fin de Semana,Sábado,347.938,-7.648.235
2024-04-07,URBANA,055_ZW Polideportivo Petecuy,6,MR76,17,602222,"50,3",False,Fin de Semana,Domingo,347.938,-7.648.235
2024-04-08,URBANA,055_ZW Polideportivo Petecuy,6,MR76,25,545654,"77,1",False,Laboral,Lunes,347.938,-7.648.235
2024-04-09,URBANA,055_ZW Polideportivo Petecuy,6,MR76,20,389672,"50,9",False,Laboral,Martes,347.938,-7.648.235
2024-04-10,URBANA,055_ZW Polideportivo Petecuy,6,MR76,24,751332,"176,8",False,Laboral,Miércoles,347.938,-7.648.235
2024-04-11,URBANA,055_ZW Polideportivo Petecuy,6,MR76,23,92940,21,False,Laboral,Jueves,347.938,-7.648.235
2024-04-12,URBANA,055_ZW Polideportivo Petecuy,6,MR76,18,142854,21,False,Laboral,Viernes,347.938,-7.648.235
2024-04-13,URBANA,055_ZW Polideportivo Petecuy,6,MR76,20,1710711,"201,1",False,Fin de Semana,Sábado,347.938,-7.648.235
2024-04-14,URBANA,055_ZW Polideportivo Petecuy,6,MR76,24,314987,"45,7",False,Fin de Semana,Domingo,347.938,-7.648.235
2024-04-15,URBANA,055_ZW Polideportivo Petecuy,6,MR76,31,4016,1,False,Laboral,Lunes,347.938,-7.648.235
2024-04-16,URBANA,055_ZW Polideportivo Petecuy,6,MR76,25,3457,"0,8",False,Laboral,Martes,347.938,-7.648.235
2024-04-17,URBANA,055_ZW Polideportivo Petecuy,6,MR76,19,4147,"1,1",False,Laboral,Miércoles,347.938,-7.648.235
2024-04-18,URBANA,055_ZW Polideportivo Petecuy,6,MR76,18,16951,"5,8",False,Laboral,Jueves,347.938,-7.648.235
2024-04-19,URBANA,055_ZW Polideportivo Petecuy,6,MR76,37,5699,"1,4",False,Laboral,Viernes,347.938,-7.648.235
2024-04-20,URBANA,055_ZW Polideportivo Petecuy,6,MR76,32,142851,"18,3",False,Fin de Semana,Sábado,347.938,-7.648.235
2024-04-21,URBANA,055_ZW Polideportivo Petecuy,6,MR76,33,92103,"14,9",False,Fin de Semana,Domingo,347.938,-7.648.235
2024-04-22,URBANA,055_ZW Polideportivo Petecuy,6,MR76,20,421810,"90,7",False,Laboral,Lunes,347.938,-7.648.235
2024-04-23,URBANA,055_ZW Polideportivo Petecuy,6,MR76,29,431246,"23,5",False,Laboral,Martes,347.938,-7.648.235
2024-04-24,URBANA,055_ZW Polideportivo Petecuy,6,MR76,27,1627364,"88,6",False,Laboral,Miércoles,347.938,-7.648.235
2024-04-25,URBANA,055_ZW Polideportivo Petecuy,6,MR76,29,362003,"30,5",False,Laboral,Jueves,347.938,-7.648.235
2024-04-26,URBANA,055_ZW Polideportivo Petecuy,6,MR76,22,60919,"6,1",False,Laboral,Viernes,347.938,-7.648.235
2024-04-27,URBANA,055_ZW Polideportivo Petecuy,6,MR76,40,287005,"23,5",False,Fin de Semana,Sábado,347.938,-7.648.235
2024-04-28,URBANA,055_ZW Polideportivo Petecuy,6,MR76,24,6424,"0,9",False,Fin de Semana,Domingo,347.938,-7.648.235
2024-04-29,URBANA,055_ZW Polideportivo Petecuy,6,MR76,30,4967,"0,6",False,Laboral,Lunes,347.938,-7.648.235
2024-04-30,URBANA,055_ZW Polideportivo Petecuy,6,MR76,24,3942,"0,6",False,Laboral,Martes,347.938,-7.648.235
2024-05-01,URBANA,055_ZW Polideportivo Petecuy,6,MR76,21,5864,"1,1",True,Festivo,Miércoles,347.938,-7.648.235
2024-05-02,URBANA,055_ZW Polideportivo Petecuy,6,MR76,25,2525,"0,5",False,Laboral,Jueves,347.938,-7.648.235
2024-05-03,URBANA,055_ZW Polideportivo Petecuy,6,MR76,15,7028,"1,5",False,Laboral,Viernes,347.938,-7.648.235
2024-05-04,URBANA,055_ZW Polideportivo Petecuy,6,MR76,36,6584,"0,9",False,Fin de Semana,Sábado,347.938,-7.648.235
2024-05-05,URBANA,055_ZW Polideportivo Petecuy,6,MR76,23,5669,"0,9",False,Fin de Semana,Domingo,347.938,-7.648.235
2024-05-06,URBANA,055_ZW Polideportivo Petecuy,6,MR76,24,2846,"0,6",False,Laboral,Lunes,347.938,-7.648.235
2024-05-07,URBANA,055_ZW Polideportivo Petecuy,6,MR76,21,28474,"4,7",False,Laboral,Martes,347.938,-7.648.235
2024-05-08,URBANA,055_ZW Polideportivo Petecuy,6,MR76,29,86601,"10,9",False,Laboral,Miércoles,347.938,-7.648.235
2024-05-09,URBANA,055_ZW Polideportivo Petecuy,6,MR76,29,63527,"7,2",False,Laboral,Jueves,347.938,-7.648.235
2024-05-10,URBANA,055_ZW Polideportivo Petecuy,6,MR76,24,6079,"0,8",False,Laboral,Viernes,347.938,-7.648.235
2024-05-11,URBANA,055_ZW Polideportivo Petecuy,6,MR76,33,42848,"5,8",False,Fin de Semana,Sábado,347.938,-7.648.235
2024-05-12,URBANA,055_ZW Polideportivo Petecuy,6,MR76,19,183743,"44,5",False,Fin de Semana,Domingo,347.938,-7.648.235
2024-05-13,URBANA,055_ZW Polideportivo Petecuy,6,MR76,15,4787,"0,9",True,Festivo,Lunes,347.938,-7.648.235
2024-05-14,URBANA,055_ZW Polideportivo Petecuy,6,MR76,23,20274,"9,4",False,Laboral,Martes,347.938,-7.648.235
2024-05-15,URBANA,055_ZW Polideportivo Petecuy,6,MR76,24,3107,"0,5",False,Laboral,Miércoles,347.938,-7.648.235
2024-05-16,URBANA,055_ZW Polideportivo Petecuy,6,MR76,25,2469,"0,3",False,Laboral,Jueves,347.938,-7.648.235
2024-05-17,URBANA,055_ZW Polideportivo Petecuy,6,MR76,36,5998,"0,6",False,Laboral,Viernes,347.938,-7.648.235
2024-05-18,URBANA,055_ZW Polideportivo Petecuy,6,MR76,42,8625,"0,8",False,Fin de Semana,Sábado,347.938,-7.648.235
2024-05-19,URBANA,055_ZW Polideportivo Petecuy,6,MR76,27,51001,"4,4",False,Fin de Semana,Domingo,347.938,-7.648.235
2024-05-20,URBANA,055_ZW Polideportivo Petecuy,6,MR76,27,8959,"1,3",False,Laboral,Lunes,347.938,-7.648.235
2024-05-21,URBANA,055_ZW Polideportivo Petecuy,6,MR76,22,1526,"0,2",False,Laboral,Martes,347.938,-7.648.235
2024-05-22,URBANA,055_ZW Polideportivo Petecuy,6,MR76,23,5221,2,False,Laboral,Miércoles,347.938,-7.648.235
2024-05-23,URBANA,055_ZW Polideportivo Petecuy,6,MR76,33,4108,"0,8",False,Laboral,Jueves,347.938,-7.648.235
2024-05-24,URBANA,055_ZW Polideportivo Petecuy,6,MR76,22,1329,"0,3",False,Laboral,Viernes,347.938,-7.648.235
2024-05-25,URBANA,055_ZW Polideportivo Petecuy,6,MR76,36,5630,"0,8",False,Fin de Semana,Sábado,347.938,-7.648.235
2024-05-26,URBANA,055_ZW Polideportivo Petecuy,6,MR76,28,11344,"1,6",False,Fin de Semana,Domingo,347.938,-7.648.235
2024-05-27,URBANA,055_ZW Polideportivo Petecuy,6,MR76,27,6364,"0,7",False,Laboral,Lunes,347.938,-7.648.235
2024-05-28,URBANA,055_ZW Polideportivo Petecuy,6,MR76,21,2620,"0,4",False,Laboral,Martes,347.938,-7.648.235
2024-05-29,URBANA,055_ZW Polideportivo Petecuy,6,MR76,33,17090,"3,4",False,Laboral,Miércoles,347.938,-7.648.235
2024-05-30,URBANA,055_ZW Polideportivo Petecuy,6,MR76,26,1925,"0,2",False,Laboral,Jueves,347.938,-7.648.235
2024-05-31,URBANA,055_ZW Polideportivo Petecuy,6,MR76,35,8668,"0,9",False,Laboral,Viernes,347.938,-7.648.235
2024-06-01,URBANA,055_ZW Polideportivo Petecuy,6,MR76,37,1825567,"182,4",False,Fin de Semana,Sábado,347.938,-7.648.235
2024-06-02,URBANA,055_ZW Polideportivo Petecuy,6,MR76,33,1830308,"186,7",False,Fin de Semana,Domingo,347.938,-7.648.235
2024-06-03,URBANA,055_ZW Polideportivo Petecuy,6,MR76,27,554382,80,True,Festivo,Lunes,347.938,-7.648.235
2024-06-04,URBANA,055_ZW Polideportivo Petecuy,6,MR76,30,664228,"146,1",False,Laboral,Martes,347.938,-7.648.235
2024-06-05,URBANA,055_ZW Polideportivo Petecuy,6,MR76,33,8469,3,False,Laboral,Miércoles,347.938,-7.648.235
2024-06-06,URBANA,055_ZW Polideportivo Petecuy,6,MR76,34,5934,1,False,Laboral,Jueves,347.938,-7.648.235
2024-06-07,URBANA,055_ZW Polideportivo Petecuy,6,MR76,40,53089,11,False,Laboral,Viernes,347.938,-7.648.235
2024-06-08,URBANA,055_ZW Polideportivo Petecuy,6,MR76,33,257096,"81,6",False,Fin de Semana,Sábado,347.938,-7.648.235
2024-06-09,URBANA,055_ZW Polideportivo Petecuy,6,MR76,35,7660,"2,6",False,Fin de Semana,Domingo,347.938,-7.648.235
2024-06-10,URBANA,055_ZW Polideportivo Petecuy,6,MR76,24,2491,"0,5",True,Festivo,Lunes,347.938,-7.648.235
2024-06-11,URBANA,055_ZW Polideportivo Petecuy,6,MR76,38,6103,1,False,Laboral,Martes,347.938,-7.648.235
2024-06-12,URBANA,055_ZW Polideportivo Petecuy,6,MR76,52,18943,"2,6",False,Laboral,Miércoles,347.938,-7.648.235
2024-06-13,URBANA,055_ZW Polideportivo Petecuy,6,MR76,40,12405,241512200,False,Laboral,Jueves,347.938,-7.648.235
2024-06-14,URBANA,055_ZW Polideportivo Petecuy,6,MR76,42,8938,268640700,False,Laboral,Viernes,347.938,-7.648.235
2024-06-15,URBANA,055_ZW Polideportivo Petecuy,6,MR76,39,13575,24353900,False,Fin de Semana,Sábado,347.938,-7.648.235
2024-06-16,URBANA,055_ZW Polideportivo Petecuy,6,MR76,28,17580,315242900,False,Fin de Semana,Domingo,347.938,-7.648.235
2024-06-17,URBANA,055_ZW Polideportivo Petecuy,6,MR76,28,12859,"2,1",False,Laboral,Lunes,347.938,-7.648.235
2024-06-18,URBANA,055_ZW Polideportivo Petecuy,6,MR76,31,22578,"3,6",False,Laboral,Martes,347.938,-7.648.235
2024-06-19,URBANA,055_ZW Polideportivo Petecuy,6,MR76,22,3683,"0,5",False,Laboral,Miércoles,347.938,-7.648.235
2024-06-20,URBANA,055_ZW Polideportivo Petecuy,6,MR76,32,5533,"1,1",False,Laboral,Jueves,347.938,-7.648.235
2024-06-21,URBANA,055_ZW Polideportivo Petecuy,6,MR76,50,19086,"3,3",False,Laboral,Viernes,347.938,-7.648.235
2024-06-22,URBANA,055_ZW Polideportivo Petecuy,6,MR76,46,14804,"2,8",False,Fin de Semana,Sábado,347.938,-7.648.235
2024-06-23,URBANA,055_ZW Polideportivo Petecuy,6,MR76,48,7764,3,False,Fin de Semana,Domingo,347.938,-7.648.235
2024-06-24,URBANA,055_ZW Polideportivo Petecuy,6,MR76,31,3685,"0,7",False,Laboral,Lunes,347.938,-7.648.235
2024-06-25,URBANA,055_ZW Polideportivo Petecuy,6,MR76,36,4905,"1,2",False,Laboral,Martes,347.938,-7.648.235
2024-06-26,URBANA,055_ZW Polideportivo Petecuy,6,MR76,36,7108,"1,8",False,Laboral,Miércoles,347.938,-7.648.235
2024-06-27,URBANA,055_ZW Polideportivo Petecuy,6,MR76,35,3973,"1,2",False,Laboral,Jueves,347.938,-7.648.235
2024-06-28,URBANA,055_ZW Polideportivo Petecuy,6,MR76,25,1926,"0,3",False,Laboral,Viernes,347.938,-7.648.235
2024-06-29,URBANA,055_ZW Polideportivo Petecuy,6,MR76,29,3138,"0,5",False,Fin de Semana,Sábado,347.938,-7.648.235
2024-06-30,URBANA,055_ZW Polideportivo Petecuy,6,MR76,46,18415,4,False,Fin de Semana,Domingo,347.938,-7.648.235
2024-07-01,URBANA,055_ZW Polideportivo Petecuy,6,MR76,20,3943,"0,55",True,Festivo,Lunes,347.938,-7.648.235
2024-07-02,URBANA,055_ZW Polideportivo Petecuy,6,MR76,29,2963,"0,32",False,Laboral,Martes,347.938,-7.648.235
2024-07-03,URBANA,055_ZW Polideportivo Petecuy,6,MR76,43,3024,"0,36",False,Laboral,Miércoles,347.938,-7.648.235
2024-07-04,URBANA,055_ZW Polideportivo Petecuy,6,MR76,30,2092,"0,26",False,Laboral,Jueves,347.938,-7.648.235
2024-07-05,URBANA,055_ZW Polideportivo Petecuy,6,MR76,41,17754,"2,08",False,Laboral,Viernes,347.938,-7.648.235
2024-07-06,URBANA,055_ZW Polideportivo Petecuy,6,MR76,51,9854,"1,17",False,Fin de Semana,Sábado,347.938,-7.648.235
2024-07-07,URBANA,055_ZW Polideportivo Petecuy,6,MR76,32,3652,"0,41",False,Fin de Semana,Domingo,347.938,-7.648.235
2024-07-08,URBANA,055_ZW Polideportivo Petecuy,6,MR76,37,235665,"42,42",False,Laboral,Lunes,347.938,-7.648.235
2024-07-09,URBANA,055_ZW Polideportivo Petecuy,6,MR76,44,132578,"22,83",False,Laboral,Martes,347.938,-7.648.235
2024-07-10,URBANA,055_ZW Polideportivo Petecuy,6,MR76,50,254380,"36,84",False,Laboral,Miércoles,347.938,-7.648.235
2024-07-11,URBANA,055_ZW Polideportivo Petecuy,6,MR76,36,22951,"3,11",False,Laboral,Jueves,347.938,-7.648.235
2024-07-12,URBANA,055_ZW Polideportivo Petecuy,6,MR76,33,131629,"20,76",False,Laboral,Viernes,347.938,-7.648.235
2024-07-13,URBANA,055_ZW Polideportivo Petecuy,6,MR76,39,39043,"5,54",False,Fin de Semana,Sábado,347.938,-7.648.235
2024-07-14,URBANA,055_ZW Polideportivo Petecuy,6,MR76,29,28701,"4,51",False,Fin de Semana,Domingo,347.938,-7.648.235
2024-07-15,URBANA,055_ZW Polideportivo Petecuy,6,MR76,26,3463,"0,62",False,Laboral,Lunes,347.938,-7.648.235
2024-07-16,URBANA,055_ZW Polideportivo Petecuy,6,MR76,34,13297,"2,12",False,Laboral,Martes,347.938,-7.648.235
2024-07-17,URBANA,055_ZW Polideportivo Petecuy,6,MR76,36,4729,"1,05",False,Laboral,Miércoles,347.938,-7.648.235
2024-07-18,URBANA,055_ZW Polideportivo Petecuy,6,MR76,25,2296,"0,39",False,Laboral,Jueves,347.938,-7.648.235
2024-07-19,URBANA,055_ZW Polideportivo Petecuy,6,MR76,48,6233,"0,87",False,Laboral,Viernes,347.938,-7.648.235
2024-07-20,URBANA,055_ZW Polideportivo Petecuy,6,MR76,40,28011,"3,6",True,Festivo,Sábado,347.938,-7.648.235
2024-07-21,URBANA,055_ZW Polideportivo Petecuy,6,MR76,33,2453,"0,37",False,Fin de Semana,Domingo,347.938,-7.648.235
2024-07-22,URBANA,055_ZW Polideportivo Petecuy,6,MR76,46,399834,"57,53",False,Laboral,Lunes,347.938,-7.648.235
2024-07-23,URBANA,055_ZW Polideportivo Petecuy,6,MR76,35,534996,"77,23",False,Laboral,Martes,347.938,-7.648.235
2024-07-24,URBANA,055_ZW Polideportivo Petecuy,6,MR76,49,963167,"152,38",False,Laboral,Miércoles,347.938,-7.648.235
2024-07-25,URBANA,055_ZW Polideportivo Petecuy,6,MR76,29,595134,"94,13",False,Laboral,Jueves,347.938,-7.648.235
2024-07-26,URBANA,055_ZW Polideportivo Petecuy,6,MR76,44,105196,"13,86",False,Laboral,Viernes,347.938,-7.648.235
2024-07-27,URBANA,055_ZW Polideportivo Petecuy,6,MR76,1,15,0,False,Fin de Semana,Sábado,347.938,-7.648.235
2024-07-28,URBANA,055_ZW Polideportivo Petecuy,6,MR76,19,9460,2,False,Fin de Semana,Domingo,347.938,-7.648.235
2024-07-29,URBANA,055_ZW Polideportivo Petecuy,6,MR76,38,1835411,"294,31",False,Laboral,Lunes,347.938,-7.648.235
2024-07-30,URBANA,055_ZW Polideportivo Petecuy,6,MR76,40,330222,"48,26",False,Laboral,Martes,347.938,-7.648.235
2024-07-31,URBANA,055_ZW Polideportivo Petecuy,6,MR76,38,3058,"0,51",False,Laboral,Miércoles,347.938,-7.648.235
2024-08-01,URBANA,055_ZW Polideportivo Petecuy,6,MR76,28,13876,"2,07",False,Laboral,Jueves,347.938,-7.648.235
2024-08-02,URBANA,055_ZW Polideportivo Petecuy,6,MR76,35,281649,"46,85",False,Laboral,Viernes,347.938,-7.648.235
2024-08-03,URBANA,055_ZW Polideportivo Petecuy,6,MR76,54,2965143,"604,14",False,Fin de Semana,Sábado,347.938,-7.648.235
2024-08-04,URBANA,055_ZW Polideportivo Petecuy,6,MR76,31,2763,"0,44",False,Fin de Semana,Domingo,347.938,-7.648.235
2024-08-05,URBANA,055_ZW Polideportivo Petecuy,6,MR76,34,39851,"5,76",False,Laboral,Lunes,347.938,-7.648.235
2024-08-06,URBANA,055_ZW Polideportivo Petecuy,6,MR76,37,5879,"0,57",False,Laboral,Martes,347.938,-7.648.235
2024-08-07,URBANA,055_ZW Polideportivo Petecuy,6,MR76,20,1853,"0,22",True,Festivo,Miércoles,347.938,-7.648.235
2024-08-08,URBANA,055_ZW Polideportivo Petecuy,6,MR76,54,20107,"2,52",False,Laboral,Jueves,347.938,-7.648.235
2024-08-09,URBANA,055_ZW Polideportivo Petecuy,6,MR76,36,2381,"0,44",False,Laboral,Viernes,347.938,-7.648.235
2024-08-10,URBANA,055_ZW Polideportivo Petecuy,6,MR76,41,35674,"6,75",False,Fin de Semana,Sábado,347.938,-7.648.235
2024-08-11,URBANA,055_ZW Polideportivo Petecuy,6,MR76,33,6251,"1,08",False,Fin de Semana,Domingo,347.938,-7.648.235
2024-08-12,URBANA,055_ZW Polideportivo Petecuy,6,MR76,35,1303,"0,28",False,Laboral,Lunes,347.938,-7.648.235
2024-08-13,URBANA,055_ZW Polideportivo Petecuy,6,MR76,31,6336,"0,72",False,Laboral,Martes,347.938,-7.648.235
2024-08-14,URBANA,055_ZW Polideportivo Petecuy,6,MR76,48,6541,"0,87",False,Laboral,Miércoles,347.938,-7.648.235
2024-08-15,URBANA,055_ZW Polideportivo Petecuy,6,MR76,44,5130,"0,77",False,Laboral,Jueves,347.938,-7.648.235
2024-08-16,URBANA,055_ZW Polideportivo Petecuy,6,MR76,37,2921,"0,4",False,Laboral,Viernes,347.938,-7.648.235
2024-08-17,URBANA,055_ZW Polideportivo Petecuy,6,MR76,48,12774,"1,85",False,Fin de Semana,Sábado,347.938,-7.648.235
2024-08-18,URBANA,055_ZW Polideportivo Petecuy,6,MR76,25,3350,"0,51",False,Fin de Semana,Domingo,347.938,-7.648.235
2024-08-19,URBANA,055_ZW Polideportivo Petecuy,6,MR76,15,1581,"0,22",True,Festivo,Lunes,347.938,-7.648.235
2024-08-20,URBANA,055_ZW Polideportivo Petecuy,6,MR76,46,40576,"10,05",False,Laboral,Martes,347.938,-7.648.235
2024-08-21,URBANA,055_ZW Polideportivo Petecuy,6,MR76,46,66630,"19,41",False,Laboral,Miércoles,347.938,-7.648.235
2024-08-22,URBANA,055_ZW Polideportivo Petecuy,6,MR76,38,221844,"59,03",False,Laboral,Jueves,347.938,-7.648.235
2024-08-23,URBANA,055_ZW Polideportivo Petecuy,6,MR76,38,91113,"37,12",False,Laboral,Viernes,347.938,-7.648.235
2024-08-24,URBANA,055_ZW Polideportivo Petecuy,6,MR76,34,90449,"61,3",False,Fin de Semana,Sábado,347.938,-7.648.235
2024-08-25,URBANA,055_ZW Polideportivo Petecuy,6,MR76,57,1212690,"1160,27",False,Fin de Semana,Domingo,347.938,-7.648.235
2024-08-26,URBANA,055_ZW Polideportivo Petecuy,6,MR76,31,19054,"25,46",False,Laboral,Lunes,347.938,-7.648.235
2024-08-27,URBANA,055_ZW Polideportivo Petecuy,6,MR76,42,26619,"28,57",False,Laboral,Martes,347.938,-7.648.235
2024-08-28,URBANA,055_ZW Polideportivo Petecuy,6,MR76,51,267440,"474,5",False,Laboral,Miércoles,347.938,-7.648.235
2024-08-29,URBANA,055_ZW Polideportivo Petecuy,6,MR76,46,648973,"1853,91",False,Laboral,Jueves,347.938,-7.648.235
2024-08-30,URBANA,055_ZW Polideportivo Petecuy,6,MR76,64,109912,"264,74",False,Laboral,Viernes,347.938,-7.648.235
2024-08-31,URBANA,055_ZW Polideportivo Petecuy,6,MR76,49,4570,"6,52",False,Fin de Semana,Sábado,347.938,-7.648.235
2024-09-01,URBANA,055_ZW Polideportivo Petecuy,6,MR76,67,12868,"29,78",False,Fin de Semana,Domingo,347.938,-7.648.235
2024-09-02,URBANA,055_ZW Polideportivo Petecuy,6,MR76,10,447,"0,88",False,Laboral,Lunes,347.938,-7.648.235
2024-10-25,URBANA,055_ZW Polideportivo Petecuy,6,MR76,32,270067,"60,33",False,Laboral,Viernes,347.938,-7.648.235
2024-10-26,URBANA,055_ZW Polideportivo Petecuy,6,MR76,35,1396823,"180,88",False,Fin de Semana,Sábado,347.938,-7.648.235
2024-10-27,URBANA,055_ZW Polideportivo Petecuy,6,MR76,34,435610,"43,76",False,Fin de Semana,Domingo,347.938,-7.648.235
2024-10-28,URBANA,055_ZW Polideportivo Petecuy,6,MR76,31,121708,"20,21",False,Laboral,Lunes,347.938,-7.648.235
2024-10-29,URBANA,055_ZW Polideportivo Petecuy,6,MR76,36,372630,"58,78",False,Laboral,Martes,347.938,-7.648.235
2024-10-30,URBANA,055_ZW Polideportivo Petecuy,6,MR76,32,11779,"2,4",False,Laboral,Miércoles,347.938,-7.648.235
2024-10-31,URBANA,055_ZW Polideportivo Petecuy,6,MR76,52,33085,"7,05",False,Laboral,Jueves,347.938,-7.648.235
2024-11-01,URBANA,055_ZW Polideportivo Petecuy,6,MR76,57,6883,"1,24",False,Laboral,Viernes,347.938,-7.648.235
2024-11-02,URBANA,055_ZW Polideportivo Petecuy,6,MR76,43,11822,"1,9",False,Fin de Semana,Sábado,347.938,-7.648.235
2024-11-03,URBANA,055_ZW Polideportivo Petecuy,6,MR76,39,6222,"1,06",False,Fin de Semana,Domingo,347.938,-7.648.235
2024-11-04,URBANA,055_ZW Polideportivo Petecuy,6,MR76,26,2870,"0,43",True,Festivo,Lunes,347.938,-7.648.235
2024-11-05,URBANA,055_ZW Polideportivo Petecuy,6,MR76,52,419566,"57,46",False,Laboral,Martes,347.938,-7.648.235
2024-11-06,URBANA,055_ZW Polideportivo Petecuy,6,MR76,27,8591,"1,37",False,Laboral,Miércoles,347.938,-7.648.235
2024-11-07,URBANA,055_ZW Polideportivo Petecuy,6,MR76,29,108742,"12,23",False,Laboral,Jueves,347.938,-7.648.235
2024-11-08,URBANA,055_ZW Polideportivo Petecuy,6,MR76,57,1760489,"142,36",False,Laboral,Viernes,347.938,-7.648.235
2024-11-09,URBANA,055_ZW Polideportivo Petecuy,6,MR76,56,682983,"41,02",False,Fin de Semana,Sábado,347.938,-7.648.235
2024-11-10,URBANA,055_ZW Polideportivo Petecuy,6,MR76,30,50566,"2,61",False,Fin de Semana,Domingo,347.938,-7.648.235
2024-11-11,URBANA,055_ZW Polideportivo Petecuy,6,MR76,20,685294,"39,02",True,Festivo,Lunes,347.938,-7.648.235
2024-11-12,URBANA,055_ZW Polideportivo Petecuy,6,MR76,54,767859,"40,17",False,Laboral,Martes,347.938,-7.648.235
2024-11-13,URBANA,055_ZW Polideportivo Petecuy,6,MR76,57,1299328,"80,2",False,Laboral,Miércoles,347.938,-7.648.235
2024-11-14,URBANA,055_ZW Polideportivo Petecuy,6,MR76,51,404428,"21,07",False,Laboral,Jueves,347.938,-7.648.235
2024-11-15,URBANA,055_ZW Polideportivo Petecuy,6,MR76,58,1817093,"99,75",False,Laboral,Viernes,347.938,-7.648.235
2024-11-16,URBANA,055_ZW Polideportivo Petecuy,6,MR76,46,3445554,"187,13",False,Fin de Semana,Sábado,347.938,-7.648.235
2024-11-17,URBANA,055_ZW Polideportivo Petecuy,6,MR76,51,1798350,"104,68",False,Fin de Semana,Domingo,347.938,-7.648.235
2024-11-18,URBANA,055_ZW Polideportivo Petecuy,6,MR76,55,7050069,"438,6",False,Laboral,Lunes,347.938,-7.648.235
2024-11-19,URBANA,055_ZW Polideportivo Petecuy,6,MR76,50,2429861,"152,09",False,Laboral,Martes,347.938,-7.648.235
2024-11-20,URBANA,055_ZW Polideportivo Petecuy,6,MR76,71,2263622,"118,62",False,Laboral,Miércoles,347.938,-7.648.235
2024-11-21,URBANA,055_ZW Polideportivo Petecuy,6,MR76,65,2236307,"123,85",False,Laboral,Jueves,347.938,-7.648.235
2024-11-22,URBANA,055_ZW Polideportivo Petecuy,6,MR76,83,7219505,"357,62",False,Laboral,Viernes,347.938,-7.648.235
2024-11-23,URBANA,055_ZW Polideportivo Petecuy,6,MR76,52,7304424,"381,15",False,Fin de Semana,Sábado,347.938,-7.648.235
2024-11-24,URBANA,055_ZW Polideportivo Petecuy,6,MR76,38,939846,"126,94",False,Fin de Semana,Domingo,347.938,-7.648.235
2024-11-25,URBANA,055_ZW Polideportivo Petecuy,6,MR76,75,2772734,"674,19",False,Laboral,Lunes,347.938,-7.648.235
2024-11-26,URBANA,055_ZW Polideportivo Petecuy,6,MR76,22,445453,"56,56",False,Laboral,Martes,347.938,-7.648.235
2024-11-27,URBANA,055_ZW Polideportivo Petecuy,6,MR76,64,3081264,"158,66",False,Laboral,Miércoles,347.938,-7.648.235
2024-11-28,URBANA,055_ZW Polideportivo Petecuy,6,MR76,50,5965820,"283,34",False,Laboral,Jueves,347.938,-7.648.235
2024-11-29,URBANA,055_ZW Polideportivo Petecuy,6,MR76,99,6371956,"286,71",False,Laboral,Viernes,347.938,-7.648.235
2024-11-30,URBANA,055_ZW Polideportivo Petecuy,6,MR76,56,1252238,"54,94",False,Fin de Semana,Sábado,347.938,-7.648.235
2024-12-01,URBANA,055_ZW Polideportivo Petecuy,6,MR76,42,1698486,"70,28",False,Fin de Semana,Domingo,347.938,-7.648.235
2024-12-02,URBANA,055_ZW Polideportivo Petecuy,6,MR76,73,9285189,"444,99",False,Laboral,Lunes,347.938,-7.648.235
2024-12-03,URBANA,055_ZW Polideportivo Petecuy,6,MR76,85,6852275,"367,01",False,Laboral,Martes,347.938,-7.648.235
2024-12-04,URBANA,055_ZW Polideportivo Petecuy,6,MR76,84,9880476,"427,79",False,Laboral,Miércoles,347.938,-7.648.235
2024-12-05,URBANA,055_ZW Polideportivo Petecuy,6,MR76,68,10101370,"440,3",False,Laboral,Jueves,347.938,-7.648.235
2024-12-06,URBANA,055_ZW Polideportivo Petecuy,6,MR76,78,14612811,"649,94",False,Laboral,Viernes,347.938,-7.648.235
2024-12-07,URBANA,055_ZW Polideportivo Petecuy,6,MR76,62,2705461,"131,88",False,Fin de Semana,Sábado,347.938,-7.648.235
2024-12-08,URBANA,055_ZW Polideportivo Petecuy,6,MR76,47,5955879,"224,28",True,Festivo,Domingo,347.938,-7.648.235
2024-12-09,URBANA,055_ZW Polideportivo Petecuy,6,MR76,71,7163048,"265,59",False,Laboral,Lunes,347.938,-7.648.235
2024-12-10,URBANA,055_ZW Polideportivo Petecuy,6,MR76,62,8674864,"286,45",False,Laboral,Martes,347.938,-7.648.235
2024-12-11,URBANA,055_ZW Polideportivo Petecuy,6,MR76,101,12538949,"415,86",False,Laboral,Miércoles,347.938,-7.648.235
2024-12-12,URBANA,055_ZW Polideportivo Petecuy,6,MR76,86,13218077,"385,2",False,Laboral,Jueves,347.938,-7.648.235
2024-12-13,URBANA,055_ZW Polideportivo Petecuy,6,MR76,89,14033472,"413,65",False,Laboral,Viernes,347.938,-7.648.235
2024-12-14,URBANA,055_ZW Polideportivo Petecuy,6,MR76,84,8187159,"269,53",False,Fin de Semana,Sábado,347.938,-7.648.235
2024-12-15,URBANA,055_ZW Polideportivo Petecuy,6,MR76,57,9110271,"307,51",False,Fin de Semana,Domingo,347.938,-7.648.235
2024-12-16,URBANA,055_ZW Polideportivo Petecuy,6,MR76,86,4224887,"127,04",False,Laboral,Lunes,347.938,-7.648.235
2024-12-17,URBANA,055_ZW Polideportivo Petecuy,6,MR76,110,14850635,483,False,Laboral,Martes,347.938,-7.648.235
2024-12-18,URBANA,055_ZW Polideportivo Petecuy,6,MR76,111,16609569,526,False,Laboral,Miércoles,347.938,-7.648.235
2024-12-19,URBANA,055_ZW Polideportivo Petecuy,6,MR76,86,15949122,561,False,Laboral,Jueves,347.938,-7.648.235
2024-12-20,URBANA,055_ZW Polideportivo Petecuy,6,MR76,66,8486368,280,False,Laboral,Viernes,347.938,-7.648.235
2024-12-21,URBANA,055_ZW Polideportivo Petecuy,6,MR76,54,5876229,225,False,Fin de Semana,Sábado,347.938,-7.648.235
2024-12-22,URBANA,055_ZW Polideportivo Petecuy,6,MR76,70,7417561,232,False,Fin de Semana,Domingo,347.938,-7.648.235
2024-12-23,URBANA,055_ZW Polideportivo Petecuy,6,MR76,81,11850875,473,False,Laboral,Lunes,347.938,-7.648.235
2024-12-24,URBANA,055_ZW Polideportivo Petecuy,6,MR76,50,11816349,494,False,Laboral,Martes,347.938,-7.648.235
2024-12-25,URBANA,055_ZW Polideportivo Petecuy,6,MR76,42,8216589,291,True,Festivo,Miércoles,347.938,-7.648.235
2024-12-26,URBANA,055_ZW Polideportivo Petecuy,6,MR76,35,2545990,"93,1",False,Laboral,Jueves,347.938,-7.648.235
2024-12-27,URBANA,055_ZW Polideportivo Petecuy,6,MR76,30,5878451,180,False,Laboral,Viernes,347.938,-7.648.235
2024-12-28,URBANA,055_ZW Polideportivo Petecuy,6,MR76,32,1611763,"68,5",False,Fin de Semana,Sábado,347.938,-7.648.235
2024-12-29,URBANA,055_ZW Polideportivo Petecuy,6,MR76,29,1882172,"58,2",False,Fin de Semana,Domingo,347.938,-7.648.235
2024-12-30,URBANA,055_ZW Polideportivo Petecuy,6,MR76,57,6433756,263,False,Laboral,Lunes,347.938,-7.648.235
2024-12-31,RURAL,055_ZW Polideportivo Petecuy,6,MR76,37,389187,21,False,Laboral,Martes,347.938,-7.648.235
2025-01-01,URBANA,055_ZW Polideportivo Petecuy,6,MR76,32,5117162,349,True,Festivo,Miércoles,347.938,-7.648.235
2025-01-02,URBANA,055_ZW Polideportivo Petecuy,6,MR76,26,2424627,87,False,Laboral,Jueves,347.938,-7.648.235
2025-01-03,URBANA,055_ZW Polideportivo Petecuy,6,MR76,31,3956734,148,False,Laboral,Viernes,347.938,-7.648.235
2025-01-04,URBANA,055_ZW Polideportivo Petecuy,6,MR76,33,643607,24,False,Fin de Semana,Sábado,347.938,-7.648.235
2025-01-05,URBANA,055_ZW Polideportivo Petecuy,6,MR76,21,135289,4,False,Fin de Semana,Domingo,347.938,-7.648.235
2025-01-06,URBANA,055_ZW Polideportivo Petecuy,6,MR76,29,1185445,32,True,Festivo,Lunes,347.938,-7.648.235
2025-01-07,URBANA,055_ZW Polideportivo Petecuy,6,MR76,53,6248439,189,False,Laboral,Martes,347.938,-7.648.235
2025-01-08,URBANA,055_ZW Polideportivo Petecuy,6,MR76,55,6853746,198,False,Laboral,Miércoles,347.938,-7.648.235
2025-01-09,URBANA,055_ZW Polideportivo Petecuy,6,MR76,55,15081993,433,False,Laboral,Jueves,347.938,-7.648.235
2025-01-10,URBANA,055_ZW Polideportivo Petecuy,6,MR76,73,10779722,298,False,Laboral,Viernes,347.938,-7.648.235
2025-01-11,URBANA,055_ZW Polideportivo Petecuy,6,MR76,38,3234304,95,False,Fin de Semana,Sábado,347.938,-7.648.235
2025-01-12,URBANA,055_ZW Polideportivo Petecuy,6,MR76,34,2478686,66,False,Fin de Semana,Domingo,347.938,-7.648.235
2025-01-13,URBANA,055_ZW Polideportivo Petecuy,6,MR76,73,8701128,290,False,Laboral,Lunes,347.938,-7.648.235
2025-01-14,URBANA,055_ZW Polideportivo Petecuy,6,MR76,59,3105167,102,False,Laboral,Martes,347.938,-7.648.235
2025-01-15,URBANA,055_ZW Polideportivo Petecuy,6,MR76,77,7767239,269,False,Laboral,Miércoles,347.938,-7.648.235
2025-01-16,URBANA,055_ZW Polideportivo Petecuy,6,MR76,69,8731250,278,False,Laboral,Jueves,347.938,-7.648.235
2025-01-17,URBANA,055_ZW Polideportivo Petecuy,6,MR76,71,9109272,299,False,Laboral,Viernes,347.938,-7.648.235
2025-01-18,URBANA,055_ZW Polideportivo Petecuy,6,MR76,48,2462781,81,False,Fin de Semana,Sábado,347.938,-7.648.235
2025-01-19,URBANA,055_ZW Polideportivo Petecuy,6,MR76,30,7148229,220,False,Fin de Semana,Domingo,347.938,-7.648.235
2025-01-20,URBANA,055_ZW Polideportivo Petecuy,6,MR76,63,11877891,368,False,Laboral,Lunes,347.938,-7.648.235
2025-01-21,URBANA,055_ZW Polideportivo Petecuy,6,MR76,60,7152384,199,False,Laboral,Martes,347.938,-7.648.235
2025-01-22,URBANA,055_ZW Polideportivo Petecuy,6,MR76,78,13031433,388,False,Laboral,Miércoles,347.938,-7.648.235
2025-01-23,URBANA,055_ZW Polideportivo Petecuy,6,MR76,71,14333403,358,False,Laboral,Jueves,347.938,-7.648.235
2025-01-24,URBANA,055_ZW Polideportivo Petecuy,6,MR76,76,13010670,391,False,Laboral,Viernes,347.938,-7.648.235
2025-01-25,URBANA,055_ZW Polideportivo Petecuy,6,MR76,46,4041623,109,False,Fin de Semana,Sábado,347.938,-7.648.235
2025-01-26,URBANA,055_ZW Polideportivo Petecuy,6,MR76,40,6548896,166,False,Fin de Semana,Domingo,347.938,-7.648.235
2025-01-27,URBANA,055_ZW Polideportivo Petecuy,6,MR76,73,9913796,261,False,Laboral,Lunes,347.938,-7.648.235
2025-01-28,URBANA,055_ZW Polideportivo Petecuy,6,MR76,72,9940950,302,False,Laboral,Martes,347.938,-7.648.235
2025-01-29,URBANA,055_ZW Polideportivo Petecuy,6,MR76,72,12250049,338,False,Laboral,Miércoles,347.938,-7.648.235
2025-01-30,URBANA,055_ZW Polideportivo Petecuy,6,MR76,76,16415103,605,False,Laboral,Jueves,347.938,-7.648.235
2025-01-31,URBANA,055_ZW Polideportivo Petecuy,6,MR76,75,4034803,219,False,Laboral,Viernes,347.938,-7.648.235
2025-02-01,URBANA,055_ZW Polideportivo Petecuy,6,MR76,55,1095493,39,False,Fin de Semana,Sábado,347.938,-7.648.235
2025-02-02,URBANA,055_ZW Polideportivo Petecuy,6,MR76,44,1016211,30,False,Fin de Semana,Domingo,347.938,-7.648.235
2025-02-03,URBANA,055_ZW Polideportivo Petecuy,6,MR76,80,6958930,269,False,Laboral,Lunes,347.938,-7.648.235
2025-02-04,URBANA,055_ZW Polideportivo Petecuy,6,MR76,73,9132384,324,False,Laboral,Martes,347.938,-7.648.235
2025-02-05,URBANA,055_ZW Polideportivo Petecuy,6,MR76,85,11912196,491,False,Laboral,Miércoles,347.938,-7.648.235
2025-02-06,URBANA,055_ZW Polideportivo Petecuy,6,MR76,63,8551393,316,False,Laboral,Jueves,347.938,-7.648.235
2025-02-07,URBANA,055_ZW Polideportivo Petecuy,6,MR76,59,2198828,75,False,Laboral,Viernes,347.938,-7.648.235
2025-02-08,URBANA,055_ZW Polideportivo Petecuy,6,MR76,35,5474568,205,False,Fin de Semana,Sábado,347.938,-7.648.235
2025-02-09,URBANA,055_ZW Polideportivo Petecuy,6,MR76,37,2375147,75,False,Fin de Semana,Domingo,347.938,-7.648.235
2025-02-10,URBANA,055_ZW Polideportivo Petecuy,6,MR76,59,1642963,62,False,Laboral,Lunes,347.938,-7.648.235
2025-02-11,URBANA,055_ZW Polideportivo Petecuy,6,MR76,48,8787340,296,False,Laboral,Martes,347.938,-7.648.235
2025-02-12,URBANA,055_ZW Polideportivo Petecuy,6,MR76,46,3138005,95,False,Laboral,Miércoles,347.938,-7.648.235
2025-02-13,URBANA,055_ZW Polideportivo Petecuy,6,MR76,44,868640,41,False,Laboral,Jueves,347.938,-7.648.235
2025-02-14,URBANA,055_ZW Polideportivo Petecuy,6,MR76,67,4645955,139,False,Laboral,Viernes,347.938,-7.648.235
2025-02-15,URBANA,055_ZW Polideportivo Petecuy,6,MR76,51,1271647,46,False,Fin de Semana,Sábado,347.938,-7.648.235
2025-02-16,URBANA,055_ZW Polideportivo Petecuy,6,MR76,44,8370826,276,False,Fin de Semana,Domingo,347.938,-7.648.235
2025-02-17,URBANA,055_ZW Polideportivo Petecuy,6,MR76,56,8320353,295,False,Laboral,Lunes,347.938,-7.648.235
2025-02-18,URBANA,055_ZW Polideportivo Petecuy,6,MR76,59,3714385,132,False,Laboral,Martes,347.938,-7.648.235
2025-02-19,URBANA,055_ZW Polideportivo Petecuy,6,MR76,61,4360254,139,False,Laboral,Miércoles,347.938,-7.648.235
2025-02-20,URBANA,055_ZW Polideportivo Petecuy,6,MR76,62,3907799,111,False,Laboral,Jueves,347.938,-7.648.235
2025-02-21,URBANA,055_ZW Polideportivo Petecuy,6,MR76,76,4157210,143,False,Laboral,Viernes,347.938,-7.648.235
2025-02-22,URBANA,055_ZW Polideportivo Petecuy,6,MR76,3,86665,3,False,Fin de Semana,Sábado,347.938,-7.648.235
